tau,r,phi,t,E
0.000000000000000e+00,1.000000000000000e+01,0.000000000000000e+00,0.000000000000000e+00,8.599300000000000e-01
2.000000000000001e-02,9.974110722616542e+00,8.020765643889503e-04,3.665416600924615e-02,8.601536028544691e-01
4.000000000000003e-02,9.948224914822216e+00,1.608327500385460e-03,7.331893463405034e-02,8.603790988055584e-01
6.000000000000005e-02,9.922342606486490e+00,2.418784912514829e-03,1.099943658713668e-01,8.606065069626283e-01
8.000000000000006e-02,9.896463827788068e+00,3.233481228835804e-03,1.466805202160832e-01,8.608358466622034e-01
1.000000000000001e-01,9.870588609218704e+00,4.052449204936972e-03,1.833774586664057e-01,8.610671374710532e-01
1.200000000000001e-01,9.844716981587052e+00,4.875721927991091e-03,2.200852427293143e-01,8.613003991893208e-01
1.400000000000001e-01,9.818848976022597e+00,5.703332820868319e-03,2.568039344260916e-01,8.615356518536964e-01
1.600000000000001e-01,9.792984623979626e+00,6.535315646309303e-03,2.935335962979233e-01,8.617729157406405e-01
1.800000000000001e-01,9.767123957241255e+00,7.371704511159133e-03,3.302742914115747e-01,8.620122113696536e-01
2.000000000000001e-01,9.741267007923533e+00,8.212533870663154e-03,3.670260833651415e-01,8.622535595065962e-01
2.200000000000002e-01,9.715413808479571e+00,9.057838532825673e-03,4.037890362938784e-01,8.624969811670590e-01
2.400000000000002e-01,9.689564391703758e+00,9.907653662832612e-03,4.405632148761050e-01,8.627424976197827e-01
2.600000000000002e-01,9.663718790736036e+00,1.076201478753914e-02,4.773486843391909e-01,8.629901303901309e-01
2.800000000000002e-01,9.637877039066213e+00,1.162095780002345e-02,5.141455104656220e-01,8.632399012636136e-01
3.000000000000002e-01,9.612039170538372e+00,1.248451896420763e-02,5.509537595991469e-01,8.634918322894655e-01
3.200000000000002e-01,9.586205219355328e+00,1.335273491954698e-02,5.877734986510088e-01,8.637459457842777e-01
3.400000000000002e-01,9.560375220083134e+00,1.422564268578867e-02,6.246047951062584e-01,8.640022643356841e-01
3.600000000000003e-01,9.534549207655679e+00,1.510327966780113e-02,6.614477170301561e-01,8.642608108061042e-01
3.800000000000003e-01,9.508727217379350e+00,1.598568366047521e-02,6.983023330746576e-01,8.645216083365423e-01
4.000000000000003e-01,9.482909284937735e+00,1.687289285369836e-02,7.351687124849907e-01,8.647846803504441e-01
4.200000000000003e-01,9.457095446396421e+00,1.776494583740313e-02,7.720469251063202e-01,8.650500505576122e-01
4.400000000000003e-01,9.431285738207864e+00,1.866188160669115e-02,8.089370413905045e-01,8.653177429581809e-01
4.600000000000004e-01,9.405480197216317e+00,1.956373956703388e-02,8.458391324029449e-01,8.655877818466512e-01
4.800000000000004e-01,9.379678860662819e+00,2.047055953955161e-02,8.827532698295292e-01,8.658601918159878e-01
5.000000000000003e-01,9.353881766190304e+00,2.138238176637173e-02,9.196795259836701e-01,8.661349977617777e-01
5.200000000000004e-01,9.328088951848729e+00,2.229924691606786e-02,9.566179738134418e-01,8.664122248864522e-01
5.400000000000004e-01,9.302300456100317e+00,2.322119608918116e-02,9.935686869088154e-01,8.666918987035740e-01
5.600000000000004e-01,9.276516317824864e+00,2.414827082382520e-02,1.030531739508993e+00,8.669740450421888e-01
5.800000000000004e-01,9.250736576325123e+00,2.508051310137585e-02,1.067507206509847e+00,8.672586900512435e-01
6.000000000000004e-01,9.224961271332264e+00,2.601796535224760e-02,1.104495163471457e+00,8.675458602040724e-01
6.200000000000004e-01,9.199190443011425e+00,2.696067046175783e-02,1.141495686625760e+00,8.678355823029512e-01
6.400000000000005e-01,9.173424131967352e+00,2.790867177608058e-02,1.178508852884300e+00,8.681278834837208e-01
6.600000000000005e-01,9.147662379250107e+00,2.886201310829132e-02,1.215534739846095e+00,8.684227912204822e-01
6.800000000000005e-01,9.121905226360866e+00,2.982073874450424e-02,1.252573425805603e+00,8.687203333303624e-01
7.000000000000005e-01,9.096152715257807e+00,3.078489345010378e-02,1.289624989760812e+00,8.690205379783543e-01
7.200000000000005e-01,9.070404888362074e+00,3.175452247607197e-02,1.326689511421434e+00,8.693234336822300e-01
7.400000000000005e-01,9.044661788563879e+00,3.272967156541313e-02,1.363767071217223e+00,8.696290493175292e-01
7.600000000000006e-01,9.018923459228619e+00,3.371038695967799e-02,1.400857750306408e+00,8.699374141226246e-01
7.800000000000006e-01,8.993189944203136e+00,3.469671540558836e-02,1.437961630584246e+00,8.702485577038651e-01
8.000000000000006e-01,8.967461287822077e+00,3.568870416176481e-02,1.475078794691692e+00,8.705625100407969e-01
8.200000000000006e-01,8.941737534914326e+00,3.668640100555845e-02,1.512209326024206e+00,8.708793014914654e-01
8.400000000000006e-01,8.916018730809530e+00,3.768985423998932e-02,1.549353308740667e+00,8.711989627977991e-01
8.600000000000007e-01,8.890304921344743e+00,3.869911270079269e-02,1.586510827772436e+00,8.715215250910744e-01
8.800000000000007e-01,8.864596152871179e+00,3.971422576357543e-02,1.623681968832530e+00,8.718470198974660e-01
9.000000000000007e-01,8.838892472261035e+00,4.073524335108449e-02,1.660866818424944e+00,8.721754791436820e-01
9.200000000000007e-01,8.813193926914447e+00,4.176221594058913e-02,1.698065463854094e+00,8.725069351626844e-01
9.400000000000007e-01,8.787500564766541e+00,4.279519457137928e-02,1.735277993234411e+00,8.728414206994998e-01
9.600000000000007e-01,8.761812434294585e+00,4.383423085238178e-02,1.772504495500060e+00,8.731789689171174e-01
9.800000000000008e-01,8.736129584525274e+00,4.487937696989675e-02,1.809745060414809e+00,8.735196134024786e-01
1.000000000000001e+00,8.710452065042098e+00,4.593068569545621e-02,1.846999778582043e+00,8.738633881725579e-01
1.019999999999998e+00,8.684779925992853e+00,4.698821039380708e-02,1.884268741454918e+00,8.742103276805383e-01
1.039999999999996e+00,8.659113218097232e+00,4.805200503102078e-02,1.921552041346666e+00,8.745604668220809e-01
1.059999999999994e+00,8.633451992654573e+00,4.912212418273168e-02,1.958849771441057e+00,8.749138409416906e-01
1.079999999999992e+00,8.607796301551703e+00,5.019862304250668e-02,1.996162025803005e+00,8.752704858391803e-01
1.099999999999990e+00,8.582146197270900e+00,5.128155743034836e-02,2.033488899389340e+00,8.756304377762342e-01
1.119999999999987e+00,8.556501732898006e+00,5.237098380133395e-02,2.070830488059731e+00,8.759937334830713e-01
1.139999999999985e+00,8.530862962130627e+00,5.346695925439274e-02,2.108186888587779e+00,8.763604101652124e-01
1.159999999999983e+00,8.505229939286499e+00,5.456954154122406e-02,2.145558198672265e+00,8.767305055103499e-01
1.179999999999981e+00,8.479602719311952e+00,5.567878907535889e-02,2.182944516948576e+00,8.771040576953236e-01
1.199999999999979e+00,8.453981357790537e+00,5.679476094136719e-02,2.220345943000295e+00,8.774811053932036e-01
1.219999999999976e+00,8.428365910951763e+00,5.791751690421381e-02,2.257762577370963e+00,8.778616877804812e-01
1.239999999999974e+00,8.402756435679995e+00,5.904711741876574e-02,2.295194521576020e+00,8.782458445443715e-01
1.259999999999972e+00,8.377152989523447e+00,6.018362363945313e-02,2.332641878114930e+00,8.786336158902258e-01
1.279999999999970e+00,8.351555630703388e+00,6.132709743008725e-02,2.370104750483478e+00,8.790250425490597e-01
1.299999999999968e+00,8.325964418123418e+00,6.247760137383798e-02,2.407583243186262e+00,8.794201657851944e-01
1.319999999999965e+00,8.300379411378950e+00,6.363519878337369e-02,2.445077461749373e+00,8.798190274040175e-01
1.339999999999963e+00,8.274800670766806e+00,6.479995371116685e-02,2.482587512733254e+00,8.802216697598589e-01
1.359999999999961e+00,8.249228257294980e+00,6.597193095996762e-02,2.520113503745775e+00,8.806281357639908e-01
1.379999999999959e+00,8.223662232692542e+00,6.715119609344952e-02,2.557655543455492e+00,8.810384688927470e-01
1.399999999999957e+00,8.198102659419744e+00,6.833781544702941e-02,2.595213741605117e+00,8.814527131957671e-01
1.419999999999954e+00,8.172549600678193e+00,6.953185613886553e-02,2.632788209025188e+00,8.818709133043676e-01
1.439999999999952e+00,8.147003120421306e+00,7.073338608103638e-02,2.670379057647950e+00,8.822931144400372e-01
1.459999999999950e+00,8.121463283364839e+00,7.194247399090431e-02,2.707986400521452e+00,8.827193624230646e-01
1.479999999999948e+00,8.095930154997633e+00,7.315918940266693e-02,2.745610351823860e+00,8.831497036812958e-01
1.499999999999946e+00,8.070403801592503e+00,7.438360267909962e-02,2.783251026877989e+00,8.835841852590240e-01
1.519999999999943e+00,8.044884290217325e+00,7.561578502349285e-02,2.820908542166064e+00,8.840228548260155e-01
1.539999999999941e+00,8.019371688746292e+00,7.685580849178818e-02,2.858583015344703e+00,8.844657606866709e-01
1.559999999999939e+00,7.993866065871347e+00,7.810374600491592e-02,2.896274565260142e+00,8.849129517893253e-01
1.579999999999937e+00,7.968367491113805e+00,7.935967136133885e-02,2.933983311963689e+00,8.853644777356890e-01
1.599999999999935e+00,7.942876034836165e+00,8.062365924980539e-02,2.971709376727425e+00,8.858203887904306e-01
1.619999999999932e+00,7.917391768254108e+00,8.189578526231629e-02,3.009452882060149e+00,8.862807358909033e-01
1.639999999999930e+00,7.891914763448690e+00,8.317612590730891e-02,3.047213951723566e+00,8.867455706570186e-01
1.659999999999928e+00,7.866445093378740e+00,8.446475862306259e-02,3.084992710748751e+00,8.872149454012668e-01
1.679999999999926e+00,7.840982831893443e+00,8.576176179132999e-02,3.122789285452838e+00,8.876889131388884e-01
1.699999999999924e+00,7.815528053745147e+00,8.706721475119807e-02,3.160603803456008e+00,8.881675275981968e-01
1.719999999999921e+00,7.790080834602367e+00,8.838119781318308e-02,3.198436393698727e+00,8.886508432310551e-01
1.739999999999919e+00,7.764641251063006e+00,8.970379227356412e-02,3.236287186459253e+00,8.891389152235083e-01
1.759999999999917e+00,7.739209380667784e+00,9.103508042895944e-02,3.274156313371440e+00,8.896317995065736e-01
1.779999999999915e+00,7.713785301913894e+00,9.237514559115034e-02,3.312043907442805e+00,8.901295527671904e-01
1.799999999999913e+00,7.688369094268887e+00,9.372407210215693e-02,3.349950103072902e+00,8.906322324593318e-01
1.819999999999910e+00,7.662960838184772e+00,9.508194534957094e-02,3.387875036071975e+00,8.911398968152793e-01
1.839999999999908e+00,7.637560615112355e+00,9.644885178214982e-02,3.425818843679918e+00,8.916526048570639e-01
1.859999999999906e+00,7.612168507515814e+00,9.782487892567765e-02,3.463781664585543e+00,8.921704164080736e-01
1.879999999999904e+00,7.586784598887506e+00,9.921011539909727e-02,3.501763638946154e+00,8.926933921048317e-01
1.899999999999902e+00,7.561408973763036e+00,1.006046509309193e-01,3.539764908407429e+00,8.932215934089446e-01
1.919999999999899e+00,7.536041717736553e+00,1.020085763759129e-01,3.577785616123646e+00,8.937550826192248e-01
1.939999999999897e+00,7.510682917476316e+00,1.034219837320833e-01,3.615825906778211e+00,8.942939228839877e-01
1.959999999999895e+00,7.485332660740502e+00,1.048449661579429e-01,3.653885926604540e+00,8.948381782135262e-01
1.979999999999893e+00,7.459991036393305e+00,1.062776179900791e-01,3.691965823407271e+00,8.953879134927631e-01
1.999999999999891e+00,7.434658134421259e+00,1.077200347610267e-01,3.730065746583827e+00,8.959431944940865e-01
2.019999999999889e+00,7.409334045949869e+00,1.091723132174499e-01,3.768185847146330e+00,8.965040878903653e-01
2.039999999999886e+00,7.384018863260508e+00,1.106345513386388e-01,3.806326277743871e+00,8.970706612681505e-01
2.059999999999884e+00,7.358712679807581e+00,1.121068483553279e-01,3.844487192685157e+00,8.976429831410625e-01
2.079999999999882e+00,7.333415590235997e+00,1.135893047688415e-01,3.882668747961517e+00,8.982211229633664e-01
2.099999999999880e+00,7.308127690398925e+00,1.150820223705728e-01,3.920871101270301e+00,8.988051511437362e-01
2.119999999999878e+00,7.282849077375828e+00,1.165851042618032e-01,3.959094412038654e+00,8.993951390592114e-01
2.139999999999875e+00,7.257579849490842e+00,1.180986548738672e-01,3.997338841447696e+00,8.999911590693457e-01
2.159999999999873e+00,7.232320106331413e+00,1.196227799886711e-01,4.035604552457100e+00,9.005932845305504e-01
2.179999999999871e+00,7.207069948767279e+00,1.211575867595706e-01,4.073891709830067e+00,9.012015898106341e-01
2.199999999999869e+00,7.181829478969768e+00,1.227031837326150e-01,4.112200480158740e+00,9.018161503035392e-01
2.219999999999867e+00,7.156598800431403e+00,1.242596808681653e-01,4.150531031890027e+00,9.024370424442784e-01
2.239999999999864e+00,7.131378017985855e+00,1.258271895628919e-01,4.188883535351871e+00,9.030643437240700e-01
2.259999999999862e+00,7.106167237828221e+00,1.274058226721613e-01,4.227258162779933e+00,9.036981327056762e-01
2.279999999999860e+00,7.080966567535655e+00,1.289956945328167e-01,4.265655088344762e+00,9.043384890389430e-01
2.299999999999858e+00,7.055776116088326e+00,1.305969209863617e-01,4.304074488179395e+00,9.049854934765446e-01
2.319999999999856e+00,7.030595993890764e+00,1.322096194025550e-01,4.342516540407433e+00,9.056392278899317e-01
2.339999999999853e+00,7.005426312793529e+00,1.338339087034222e-01,4.380981425171603e+00,9.062997752854872e-01
2.359999999999851e+00,6.980267186115268e+00,1.354699093876942e-01,4.419469324662784e+00,9.069672198208873e-01
2.379999999999849e+00,6.955118728665146e+00,1.371177435556799e-01,4.457980423149544e+00,9.076416468216699e-01
2.399999999999847e+00,6.929981056765658e+00,1.387775349345814e-01,4.496514907008168e+00,9.083231427980115e-01
2.419999999999844e+00,6.904854288275804e+00,1.404494089042599e-01,4.535072964753211e+00,9.090117954617127e-01
2.439999999999842e+00,6.879738542614698e+00,1.421334925234610e-01,4.573654787068573e+00,9.097076937433918e-01
2.459999999999840e+00,6.854633940785541e+00,1.438299145565089e-01,4.612260566839087e+00,9.104109278098880e-01
2.479999999999838e+00,6.829540605400020e+00,1.455388055004772e-01,4.650890499182675e+00,9.111215890818736e-01
2.499999999999836e+00,6.804458660703117e+00,1.472602976128460e-01,4.689544781483056e+00,9.118397702516755e-01
2.519999999999833e+00,6.779388232598353e+00,1.489945249396549e-01,4.728223613422989e+00,9.125655653013049e-01
2.539999999999831e+00,6.754329448673428e+00,1.507416233441607e-01,4.766927197018132e+00,9.132990695206959e-01
2.559999999999829e+00,6.729282438226345e+00,1.525017305360093e-01,4.805655736651451e+00,9.140403795261515e-01
2.579999999999827e+00,6.704247332291934e+00,1.542749861009327e-01,4.844409439108261e+00,9.147895932789968e-01
2.599999999999825e+00,6.679224263668857e+00,1.560615315309797e-01,4.883188513611842e+00,9.155468101044388e-01
2.619999999999822e+00,6.654213366947067e+00,1.578615102552909e-01,4.921993171859697e+00,9.163121307106297e-01
2.639999999999820e+00,6.629214778535727e+00,1.596750676714294e-01,4.960823628060436e+00,9.170856572079338e-01
2.659999999999818e+00,6.604228636691625e+00,1.615023511772753e-01,4.999680098971313e+00,9.178674931283967e-01
2.679999999999816e+00,6.579255081548047e+00,1.633435102034975e-01,5.038562803936404e+00,9.186577434454134e-01
2.699999999999814e+00,6.554294255144167e+00,1.651986962466118e-01,5.077471964925475e+00,9.194565145935941e-01
2.719999999999811e+00,6.529346301454928e+00,1.670680629026365e-01,5.116407806573518e+00,9.202639144888242e-01
2.739999999999809e+00,6.504411366421431e+00,1.689517659013584e-01,5.155370556220985e+00,9.210800525485165e-01
2.759999999999807e+00,6.479489597981860e+00,1.708499631412181e-01,5.194360443954750e+00,9.219050397120532e-01
2.779999999999805e+00,6.454581146102908e+00,1.727628147248290e-01,5.233377702649769e+00,9.227389884614110e-01
2.799999999999803e+00,6.429686162811770e+00,1.746904829951397e-01,5.272422568011500e+00,9.235820128419694e-01
2.819999999999800e+00,6.404804802228658e+00,1.766331325722532e-01,5.311495278619060e+00,9.244342284834955e-01
2.839999999999798e+00,6.379937220599894e+00,1.785909303909147e-01,5.350596075969158e+00,9.252957526213014e-01
2.859999999999796e+00,6.355083576331536e+00,1.805640457386803e-01,5.389725204520806e+00,9.261667041175687e-01
2.879999999999794e+00,6.330244030023622e+00,1.825526502947804e-01,5.428882911740827e+00,9.270472034828350e-01
2.899999999999792e+00,6.305418744504967e+00,1.845569181696891e-01,5.468069448150190e+00,9.279373728976367e-01
2.919999999999789e+00,6.280607884868560e+00,1.865770259454136e-01,5.507285067371142e+00,9.288373362343012e-01
2.939999999999787e+00,6.255811618507575e+00,1.886131527165180e-01,5.546530026175224e+00,9.297472190788808e-01
2.959999999999785e+00,6.231030115151980e+00,1.906654801318926e-01,5.585804584532114e+00,9.306671487532234e-01
2.979999999999783e+00,6.206263546905794e+00,1.927341924372846e-01,5.625109005659373e+00,9.315972543371681e-01
2.999999999999781e+00,6.181512088284951e+00,1.948194765186036e-01,5.664443556073068e+00,9.325376666908606e-01
3.019999999999778e+00,6.156775916255836e+00,1.969215219460160e-01,5.703808505639328e+00,9.334885184771765e-01
3.039999999999776e+00,6.132055210274452e+00,1.990405210188421e-01,5.743204127626812e+00,9.344499441842454e-01
3.059999999999774e+00,6.107350152326276e+00,2.011766688112724e-01,5.782630698760128e+00,9.354220801480617e-01
3.079999999999772e+00,6.082660926966768e+00,2.033301632189155e-01,5.822088499274242e+00,9.364050645751730e-01
3.099999999999770e+00,6.057987721362590e+00,2.055012050061949e-01,5.861577812969838e+00,9.373990375654350e-01
3.119999999999767e+00,6.033330725333515e+00,2.076899978546088e-01,5.901098927269712e+00,9.384041411348163e-01
3.139999999999765e+00,6.008690131395042e+00,2.098967484118689e-01,5.940652133276179e+00,9.394205192382442e-01
3.159999999999763e+00,5.984066134801731e+00,2.121216663419331e-01,5.980237725829519e+00,9.404483177924728e-01
3.179999999999761e+00,5.959458933591280e+00,2.143649643759498e-01,6.019856003567504e+00,9.414876846989605e-01
3.199999999999759e+00,5.934868728629341e+00,2.166268583641279e-01,6.059507268986006e+00,9.425387698667393e-01
3.219999999999756e+00,5.910295723655083e+00,2.189075673285501e-01,6.099191828500699e+00,9.436017252352596e-01
3.239999999999754e+00,5.885740125327534e+00,2.212073135169466e-01,6.138909992509912e+00,9.446767047971906e-01
3.259999999999752e+00,5.861202143272688e+00,2.235263224574437e-01,6.178662075458611e+00,9.457638646211585e-01
3.279999999999750e+00,5.836681990131413e+00,2.258648230143074e-01,6.218448395903565e+00,9.468633628744004e-01
3.299999999999748e+00,5.812179881608150e+00,2.282230474446963e-01,6.258269276579705e+00,9.479753598453133e-01
3.319999999999745e+00,5.787696036520440e+00,2.306012314564432e-01,6.298125044467713e+00,9.491000179658742e-01
3.339999999999743e+00,5.763230676849255e+00,2.329996142668818e-01,6.338016030862833e+00,9.502375018339075e-01
3.359999999999741e+00,5.738784027790173e+00,2.354184386627364e-01,6.377942571444956e+00,9.513879782351746e-01
3.379999999999739e+00,5.714356317805414e+00,2.378579510610931e-01,6.417905006349998e+00,9.525516161652575e-01
3.399999999999737e+00,5.689947778676718e+00,2.403184015714701e-01,6.457903680242604e+00,9.537285868512081e-01
3.419999999999734e+00,5.665558645559103e+00,2.428000440590046e-01,6.497938942390161e+00,9.549190637729341e-01
3.439999999999732e+00,5.641189157035502e+00,2.453031362087769e-01,6.538011146738214e+00,9.561232226842897e-01
3.459999999999730e+00,5.616839555172305e+00,2.478279395912868e-01,6.578120651987246e+00,9.573412416338356e-01
3.479999999999728e+00,5.592510085575794e+00,2.503747197291041e-01,6.618267821670883e+00,9.585733009852367e-01
3.499999999999726e+00,5.568200997449507e+00,2.529437461647106e-01,6.658453024235555e+00,9.598195834372583e-01
3.519999999999723e+00,5.543912543652523e+00,2.555352925295514e-01,6.698676633121616e+00,9.610802740433224e-01
3.539999999999721e+00,5.519644980758700e+00,2.581496366143171e-01,6.738939026845980e+00,9.623555602305844e-01
3.559999999999719e+00,5.495398569116854e+00,2.607870604404728e-01,6.779240589086257e+00,9.636456318184867e-01
3.579999999999717e+00,5.471173572911908e+00,2.634478503330558e-01,6.819581708766478e+00,9.649506810367436e-01
3.599999999999715e+00,5.446970260227022e+00,2.661322969947580e-01,6.859962780144388e+00,9.662709025427123e-01
3.619999999999712e+00,5.422788903106693e+00,2.688406955813160e-01,6.900384202900352e+00,9.676064934380987e-01
3.639999999999710e+00,5.398629777620865e+00,2.715733457782239e-01,6.940846382227927e+00,9.689576532849488e-01
3.659999999999708e+00,5.374493163930044e+00,2.743305518787912e-01,6.981349728926068e+00,9.703245841208670e-01
3.679999999999706e+00,5.350379346351426e+00,2.771126228635630e-01,7.021894659493092e+00,9.717074904734103e-01
3.699999999999704e+00,5.326288613426062e+00,2.799198724811220e-01,7.062481596222341e+00,9.731065793735934e-01
3.719999999999701e+00,5.302221257987053e+00,2.827526193302916e-01,7.103110967299628e+00,9.745220603684452e-01
3.739999999999699e+00,5.278177577228787e+00,2.856111869437572e-01,7.143783206902474e+00,9.759541455325531e-01
3.759999999999697e+00,5.254157872777243e+00,2.884959038731282e-01,7.184498755301194e+00,9.774030494785211e-01
3.779999999999695e+00,5.230162450761360e+00,2.914071037754539e-01,7.225258058961834e+00,9.788689893662772e-01
3.799999999999693e+00,5.206191621885470e+00,2.943451255012150e-01,7.266061570651013e+00,9.803521849111507e-01
3.819999999999690e+00,5.182245701502813e+00,2.973103131838093e-01,7.306909749542686e+00,9.818528583906433e-01
3.839999999999688e+00,5.158325009690147e+00,3.003030163305452e-01,7.347803061326894e+00,9.833712346498120e-01
3.859999999999686e+00,5.134429871323450e+00,3.033235899151655e-01,7.388741978320485e+00,9.849075411051798e-01
3.879999999999684e+00,5.110560616154716e+00,3.063723944719148e-01,7.429726979579894e+00,9.864620077470829e-01
3.899999999999681e+00,5.086717578889875e+00,3.094497961911677e-01,7.470758551015972e+00,9.880348671403658e-01
3.919999999999679e+00,5.062901099267798e+00,3.125561670166354e-01,7.511837185510927e+00,9.896263544233228e-01
3.939999999999677e+00,5.039111522140450e+00,3.156918847441649e-01,7.552963383037401e+00,9.912367073047883e-01
3.959999999999675e+00,5.015349197554134e+00,3.188573331221460e-01,7.594137650779716e+00,9.928661660592715e-01
3.979999999999673e+00,4.991614480831871e+00,3.220529019535407e-01,7.635360503257337e+00,9.945149735200220e-01
3.999999999999670e+00,4.967907732656901e+00,3.252789871995483e-01,7.676632462450565e+00,9.961833750699167e-01
4.019999999999677e+00,4.944229319157303e+00,3.285359910849198e-01,7.717954057928531e+00,9.978716186300469e-01
4.039999999999684e+00,4.920579611991758e+00,3.318243222049324e-01,7.759325826979475e+00,9.995799546458808e-01
4.059999999999691e+00,4.896958988436400e+00,3.351443956340368e-01,7.800748314743402e+00,1.001308636070877e+00
4.079999999999697e+00,4.873367831472820e+00,3.384966330361863e-01,7.842222074347117e+00,1.003057918347411e+00
4.099999999999704e+00,4.849806529877168e+00,3.418814627768565e-01,7.883747667041682e+00,1.004828059384877e+00
4.119999999999711e+00,4.826275478310373e+00,3.452993200367654e-01,7.925325662342321e+00,1.006619319534822e+00
4.139999999999717e+00,4.802775077409464e+00,3.487506469272987e-01,7.966956638170840e+00,1.008431961562960e+00
4.159999999999724e+00,4.779305733879991e+00,3.522358926076459e-01,8.008641181000554e+00,1.010266250617913e+00
4.179999999999731e+00,4.755867860589527e+00,3.557555134036525e-01,8.050379886003789e+00,1.012122454196510e+00
4.199999999999737e+00,4.732461876662257e+00,3.593099729283893e-01,8.092173357201993e+00,1.014000842105490e+00
4.219999999999744e+00,4.709088207574617e+00,3.628997422044397e-01,8.134022207618461e+00,1.015901686419420e+00
4.239999999999751e+00,4.685747285251986e+00,3.665252997879050e-01,8.175927059433731e+00,1.017825261434657e+00
4.259999999999757e+00,4.662439548166413e+00,3.701871318941227e-01,8.217888544143689e+00,1.019771843619165e+00
4.279999999999764e+00,4.639165441435354e+00,3.738857325250952e-01,8.259907302720402e+00,1.021741711557990e+00
4.299999999999771e+00,4.615925416921391e+00,3.776216035986208e-01,8.301983985775722e+00,1.023735145894203e+00
4.319999999999777e+00,4.592719933332945e+00,3.813952550791161e-01,8.344119253727673e+00,1.025752429265086e+00
4.339999999999784e+00,4.569549456325899e+00,3.852072051101202e-01,8.386313776969679e+00,1.027793846233371e+00
4.359999999999791e+00,4.546414458606152e+00,3.890579801484654e-01,8.428568236042636e+00,1.029859683213287e+00
4.379999999999797e+00,4.523315420033046e+00,3.929481151000962e-01,8.470883321809868e+00,1.031950228391207e+00
4.399999999999804e+00,4.500252827723658e+00,3.968781534575170e-01,8.513259735635009e+00,1.034065771640642e+00
4.419999999999811e+00,4.477227176157892e+00,4.008486474388464e-01,8.555698189562806e+00,1.036206604431352e+00
4.439999999999817e+00,4.454238967284327e+00,4.048601581284479e-01,8.598199406502887e+00,1.038373019732321e+00
4.459999999999824e+00,4.431288710626828e+00,4.089132556191119e-01,8.640764120416508e+00,1.040565311908331e+00
4.479999999999831e+00,4.408376923391792e+00,4.130085191557492e-01,8.683393076506295e+00,1.042783776609881e+00
4.499999999999837e+00,4.385504130576065e+00,4.171465372805634e-01,8.726087031409039e+00,1.045028710656168e+00
4.519999999999844e+00,4.362670865075407e+00,4.213279079796568e-01,8.768846753391484e+00,1.047300411910856e+00
4.539999999999851e+00,4.339877667793488e+00,4.255532388310240e-01,8.811673022549202e+00,1.049599179150340e+00
4.559999999999858e+00,4.317125087751313e+00,4.298231471538836e-01,8.854566631008499e+00,1.051925311924224e+00
4.579999999999864e+00,4.294413682197070e+00,4.341382601592891e-01,8.897528383131416e+00,1.054279110407683e+00
4.599999999999871e+00,4.271744016716252e+00,4.384992151019611e-01,8.940559095723804e+00,1.056660875245433e+00
4.619999999999878e+00,4.249116665342045e+00,4.429066594332717e-01,8.983659598246454e+00,1.059070907386960e+00
4.639999999999884e+00,4.226532210665844e+00,4.473612509553093e-01,9.026830733029332e+00,1.061509507912711e+00
4.659999999999891e+00,4.203991243947855e+00,4.518636579759466e-01,9.070073355488869e+00,1.063976977850901e+00
4.679999999999898e+00,4.181494365227668e+00,4.564145594648243e-01,9.113388334348313e+00,1.066473617984598e+00
4.699999999999904e+00,4.159042183434689e+00,4.610146452101631e-01,9.156776551861139e+00,1.068999728648755e+00
4.719999999999911e+00,4.136635316498361e+00,4.656646159763007e-01,9.200238904037505e+00,1.071555609516832e+00
4.739999999999918e+00,4.114274391458024e+00,4.703651836618528e-01,9.243776300873675e+00,1.074141559376654e+00
4.759999999999924e+00,4.091960044572337e+00,4.751170714583804e-01,9.287389666584451e+00,1.076757875895143e+00
4.779999999999931e+00,4.069692921428093e+00,4.799210140094453e-01,9.331079939838554e+00,1.079404855371575e+00
4.799999999999938e+00,4.047473677048337e+00,4.847777575699212e-01,9.374848073996915e+00,1.082082792478972e+00
4.819999999999944e+00,4.025302975999606e+00,4.896880601654229e-01,9.418695037353789e+00,1.084791979993280e+00
4.839999999999951e+00,4.003181492498187e+00,4.946526917517047e-01,9.462621813380736e+00,1.087532708509951e+00
4.859999999999958e+00,3.981109910515209e+00,4.996724343738715e-01,9.506629400973310e+00,1.090305266147547e+00
4.879999999999964e+00,3.959088923880414e+00,5.047480823252324e-01,9.550718814700433e+00,1.093109938238002e+00
4.899999999999971e+00,3.937119236384426e+00,5.098804423056208e-01,9.594891085056389e+00,1.095947007003172e+00
4.919999999999978e+00,3.915201561879357e+00,5.150703335789908e-01,9.639147258715322e+00,1.098816751217278e+00
4.939999999999984e+00,3.893336624377548e+00,5.203185881300869e-01,9.683488398788162e+00,1.101719445854887e+00
4.959999999999991e+00,3.871525158148233e+00,5.256260508199775e-01,9.727915585081897e+00,1.104655361724068e+00
4.979999999999998e+00,3.849767907811945e+00,5.309935795402256e-01,9.772429914361005e+00,1.107624765084344e+00
5.000000000000004e+00,3.828065628432410e+00,5.364220453654578e-01,9.817032500611017e+00,1.110627917249094e+00
5.020000000000011e+00,3.806419085605736e+00,5.419123327040822e-01,9.861724475304014e+00,1.113665074172061e+00
5.040000000000018e+00,3.784829055546621e+00,5.474653394468856e-01,9.906506987665905e+00,1.116736486017624e+00
5.060000000000024e+00,3.763296325171341e+00,5.530819771132371e-01,9.951381204945369e+00,1.119842396714503e+00
5.080000000000031e+00,3.741821692177273e+00,5.587631709945978e-01,9.996348312684239e+00,1.122983043492598e+00
5.100000000000038e+00,3.720405965118640e+00,5.645098602950281e-01,1.004140951498918e+01,1.126158656402654e+00
5.120000000000045e+00,3.699049963478217e+00,5.703229982683672e-01,1.008656603480444e+01,1.129369457818489e+00
5.140000000000051e+00,3.677754517734698e+00,5.762035523517435e-01,1.013181911418540e+01,1.132615661921506e+00
5.160000000000058e+00,3.656520469425390e+00,5.821525042950527e-01,1.017717001457284e+01,1.135897474167288e+00
5.180000000000065e+00,3.635348671203932e+00,5.881708502860324e-01,1.022262001706745e+01,1.139215090734034e+00
5.200000000000071e+00,3.614239986892685e+00,5.942596010705332e-01,1.026817042270451e+01,1.142568697952692e+00
5.220000000000078e+00,3.593195291529443e+00,6.004197820675742e-01,1.031382255272838e+01,1.145958471718618e+00
5.240000000000085e+00,3.572215471408105e+00,6.066524334787561e-01,1.035957774886638e+01,1.149384576884668e+00
5.260000000000091e+00,3.551301424112920e+00,6.129586103915705e-01,1.040543737360193e+01,1.152847166635645e+00
5.280000000000098e+00,3.530454058545915e+00,6.193393828761429e-01,1.045140281044644e+01,1.156346381844077e+00
5.300000000000105e+00,3.509674294947093e+00,6.257958360749123e-01,1.049747546420963e+01,1.159882350407347e+00
5.320000000000111e+00,3.488963064906982e+00,6.323290702847381e-01,1.054365676126786e+01,1.163455186566236e+00
5.340000000000118e+00,3.468321311371101e+00,6.389402010308975e-01,1.058994814983010e+01,1.167064990205021e+00
5.360000000000125e+00,3.447749988635882e+00,6.456303591324227e-01,1.063635110020097e+01,1.170711846133296e+00
5.380000000000131e+00,3.427250062335583e+00,6.524006907581967e-01,1.068286710504054e+01,1.174395823349770e+00
5.400000000000138e+00,3.406822509419718e+00,6.592523574732142e-01,1.072949767962017e+01,1.178116974288371e+00
5.420000000000145e+00,3.386468318120503e+00,6.661865362743805e-01,1.077624436207406e+01,1.181875334047019e+00
5.440000000000151e+00,3.366188487909810e+00,6.732044196152143e-01,1.082310871364580e+01,1.185670919599568e+00
5.460000000000158e+00,3.345984029445098e+00,6.803072154187794e-01,1.087009231892941e+01,1.189503728991447e+00
5.480000000000165e+00,3.325855964503793e+00,6.874961470781650e-01,1.091719678610414e+01,1.193373740519652e+00
5.500000000000171e+00,3.305805325905562e+00,6.947724534438007e-01,1.096442374716246e+01,1.197280911897822e+00
5.520000000000178e+00,3.285833157421915e+00,7.021373887968752e-01,1.101177485813048e+01,1.201225179407234e+00
5.540000000000185e+00,3.265940513672553e+00,7.095922228081046e-01,1.105925179928007e+01,1.205206457034661e+00
5.560000000000191e+00,3.246128460007881e+00,7.171382404810747e-01,1.110685627533198e+01,1.209224635598133e+00
5.580000000000198e+00,3.226398072377083e+00,7.247767420793583e-01,1.115459001564892e+01,1.213279581861791e+00
5.600000000000205e+00,3.206750437181141e+00,7.325090430365934e-01,1.120245477441812e+01,1.217371137641097e+00
5.620000000000211e+00,3.187186651110181e+00,7.403364738486802e-01,1.125045233082204e+01,1.221499118899835e+00
5.640000000000218e+00,3.167707820964517e+00,7.482603799472444e-01,1.129858448919669e+01,1.225663314840449e+00
5.660000000000225e+00,3.148315063458748e+00,7.562821215534891e-01,1.134685307917631e+01,1.229863486989398e+00
5.680000000000232e+00,3.129009505008265e+00,7.644030735115430e-01,1.139525995582346e+01,1.234099368279372e+00
5.700000000000238e+00,3.109792281497525e+00,7.726246251003989e-01,1.144380699974360e+01,1.238370662130324e+00
5.720000000000245e+00,3.090664538029422e+00,7.809481798235161e-01,1.149249611718276e+01,1.242677041531477e+00
5.740000000000252e+00,3.071627428655112e+00,7.893751551751572e-01,1.154132924010744e+01,1.247018148126565e+00
5.760000000000258e+00,3.052682116083621e+00,7.979069823825063e-01,1.159030832626536e+01,1.251393591304766e+00
5.780000000000265e+00,3.033829771370596e+00,8.065451061226171e-01,1.163943535922580e+01,1.255802947299935e+00
5.800000000000272e+00,3.015071573585524e+00,8.152909842132284e-01,1.168871234839841e+01,1.260245758300905e+00
5.820000000000278e+00,2.996408709456792e+00,8.241460872764780e-01,1.173814132902891e+01,1.264721531575796e+00
5.840000000000285e+00,2.977842372993932e+00,8.331118983745492e-01,1.178772436217048e+01,1.269229738613443e+00
5.860000000000292e+00,2.959373765086432e+00,8.421899126162796e-01,1.183746353462936e+01,1.273769814285218e+00
5.880000000000298e+00,2.941004093078485e+00,8.513816367337721e-01,1.188736095888303e+01,1.278341156030683e+00
5.900000000000305e+00,2.922734570319086e+00,8.606885886280491e-01,1.193741877296974e+01,1.282943123070697e+00
5.920000000000312e+00,2.904566415686884e+00,8.701122968828103e-01,1.198763914034748e+01,1.287575035651728e+00
5.940000000000318e+00,2.886500853089242e+00,8.796543002453585e-01,1.203802424972112e+01,1.292236174325323e+00
5.960000000000325e+00,2.868539110934957e+00,8.893161470737907e-01,1.208857631483574e+01,1.296925779266806e+00
5.980000000000332e+00,2.850682421580139e+00,8.990993947495639e-01,1.213929757423472e+01,1.301643049637437e+00
6.000000000000338e+00,2.832932020746775e+00,9.090056090545784e-01,1.219019029098067e+01,1.306387142994407e+00
6.020000000000345e+00,2.815289146913549e+00,9.190363635119577e-01,1.224125675233763e+01,1.311157174753157e+00
6.040000000000352e+00,2.797755040678514e+00,9.291932386897361e-01,1.229249926941248e+01,1.315952217706646e+00
6.060000000000358e+00,2.780330944093264e+00,9.394778214667153e-01,1.234392017675404e+01,1.320771301606278e+00
6.080000000000365e+00,2.763018099968312e+00,9.498917042597964e-01,1.239552183190776e+01,1.325613412809299e+00
6.100000000000372e+00,2.745817751149419e+00,9.604364842121567e-01,1.244730661492427e+01,1.330477493997539e+00
6.120000000000378e+00,2.728731139764693e+00,9.711137623416924e-01,1.249927692781986e+01,1.335362443972429e+00
6.140000000000385e+00,2.711759506442313e+00,9.819251426492285e-01,1.255143519398701e+01,1.340267117531253e+00
6.160000000000392e+00,2.694904089498847e+00,9.928722311860613e-01,1.260378385755302e+01,1.345190325429615e+00
6.180000000000399e+00,2.678166124098149e+00,1.003956635080493e+00,1.265632538268498e+01,1.350130834435044e+00
6.200000000000405e+00,2.661546841380944e+00,1.015179961523096e+00,1.270906225283899e+01,1.355087367476680e+00
6.220000000000412e+00,2.645047467565267e+00,1.026543816710545e+00,1.276199696995194e+01,1.360058603895846e+00
6.240000000000419e+00,2.628669223018018e+00,1.038049804747966e+00,1.281513205357388e+01,1.365043179802246e+00
6.260000000000425e+00,2.612413321297980e+00,1.049699526509842e+00,1.286847003993923e+01,1.370039688540377e+00
6.280000000000432e+00,2.596280968170760e+00,1.061494578459666e+00,1.292201348097503e+01,1.375046681270573e+00
6.300000000000439e+00,2.580273360596193e+00,1.073436551428609e+00,1.297576494324452e+01,1.380062667668872e+00
6.320000000000445e+00,2.564391685688857e+00,1.085527029353663e+00,1.302972700682431e+01,1.385086116749691e+00
6.340000000000452e+00,2.548637119652490e+00,1.097767587975802e+00,1.308390226411377e+01,1.390115457814949e+00
6.360000000000459e+00,2.533010826689158e+00,1.110159793498885e+00,1.313829331857479e+01,1.395149081532996e+00
6.380000000000465e+00,2.517513957884199e+00,1.122705201210176e+00,1.319290278340085e+01,1.400185341150316e+00
6.400000000000472e+00,2.502147650068041e+00,1.135405354063489e+00,1.324773328011390e+01,1.405222553838550e+00
6.420000000000479e+00,2.486913024656134e+00,1.148261781226165e+00,1.330278743708787e+01,1.410259002178952e+00
6.440000000000485e+00,2.471811186468396e+00,1.161275996591239e+00,1.335806788799792e+01,1.415292935785879e+00
6.460000000000492e+00,2.456843222529640e+00,1.174449497256332e+00,1.341357727019431e+01,1.420322573070370e+00
6.480000000000499e+00,2.442010200852613e+00,1.187783761970991e+00,1.346931822300047e+01,1.425346103144312e+00
6.500000000000505e+00,2.427313169205433e+00,1.201280249554370e+00,1.352529338593435e+01,1.430361687865035e+00
6.520000000000512e+00,2.412753153865294e+00,1.214940397285366e+00,1.358150539685308e+01,1.435367464019557e+00
6.540000000000519e+00,2.398331158360471e+00,1.228765619267447e+00,1.363795689002047e+01,1.440361545646974e+00
6.560000000000525e+00,2.384048162202787e+00,1.242757304770685e+00,1.369465049409770e+01,1.445342026496777e+00
6.580000000000532e+00,2.369905119612819e+00,1.256916816553618e+00,1.375158883005733e+01,1.450306982620126e+00
6.600000000000539e+00,2.355902958240271e+00,1.271245489167823e+00,1.380877450902132e+01,1.455254475090307e+00
6.620000000000545e+00,2.342042577882022e+00,1.285744627248202e+00,1.386621013002382e+01,1.460182552847818e+00
6.640000000000552e+00,2.328324849200549e+00,1.300415503792249e+00,1.392389827770006e+01,1.465089255664692e+00
6.660000000000559e+00,2.314750612445456e+00,1.315259358431659e+00,1.398184151990248e+01,1.469972617221830e+00
6.680000000000565e+00,2.301320676181005e+00,1.330277395699893e+00,1.404004240524609e+01,1.474830668292303e+00
6.700000000000572e+00,2.288035816022632e+00,1.345470783299441e+00,1.409850346058508e+01,1.479661440022709e+00
6.720000000000579e+00,2.274896773385523e+00,1.360840650372685e+00,1.415722718842300e+01,1.484462967303878e+00
6.740000000000586e+00,2.261904254248400e+00,1.376388085780446e+00,1.421621606425938e+01,1.489233292221373e+00
6.760000000000592e+00,2.249058927935757e+00,1.392114136392398e+00,1.427547253387589e+01,1.493970467575473e+00
6.780000000000599e+00,2.236361425921849e+00,1.408019805393700e+00,1.433499901056538e+01,1.498672560459525e+00
6.800000000000606e+00,2.223812340659773e+00,1.424106050612293e+00,1.439479787230797e+01,1.503337655884878e+00
6.820000000000612e+00,2.211412224439049e+00,1.440373782871399e+00,1.445487145889805e+01,1.507963860439875e+00
6.840000000000619e+00,2.199161588275099e+00,1.456823864371872e+00,1.451522206902709e+01,1.512549305969812e+00
6.860000000000626e+00,2.187060900834072e+00,1.473457107109085e+00,1.457585195732709e+01,1.517092153264162e+00
6.880000000000632e+00,2.175110587396432e+00,1.490274271329110e+00,1.463676333138011e+01,1.521590595736903e+00
6.900000000000639e+00,2.163311028862726e+00,1.507276064028957e+00,1.469795834869961e+01,1.526042863085349e+00
6.920000000000646e+00,2.151662560804901e+00,1.524463137505659e+00,1.475943911368971e+01,1.530447224912562e+00
6.940000000000652e+00,2.140165472566505e+00,1.541836087958960e+00,1.482120767458886e+01,1.534801994298172e+00
6.960000000000659e+00,2.128820006415028e+00,1.559395454152328e+00,1.488326602040462e+01,1.539105531302276e+00
6.980000000000666e+00,2.117626356749555e+00,1.577141716136973e+00,1.494561607784695e+01,1.543356246387062e+00
7.000000000000672e+00,2.106584669366804e+00,1.595075294043419e+00,1.500825970826718e+01,1.547552603740823e+00
7.020000000000679e+00,2.095695040788517e+00,1.613196546945126e+00,1.507119870461061e+01,1.551693124489214e+00
7.040000000000686e+00,2.084957517652996e+00,1.631505771798462e+00,1.513443478839074e+01,1.555776389778884e+00
7.060000000000692e+00,2.074372096173488e+00,1.650003202463217e+00,1.519796960669324e+01,1.559801043718954e+00
7.080000000000699e+00,2.063938721665871e+00,1.668689008807644e+00,1.526180472921841e+01,1.563765796166369e+00
7.100000000000706e+00,2.053657288147994e+00,1.687563295901779e+00,1.532594164537057e+01,1.567669425341699e+00
7.120000000000712e+00,2.043527638012756e+00,1.706626103302629e+00,1.539038176140327e+01,1.571510780262704e+00
7.140000000000719e+00,2.033549561776832e+00,1.725877404434473e+00,1.545512639762920e+01,1.575288782983792e+00
7.160000000000726e+00,2.023722797906703e+00,1.745317106067324e+00,1.552017678570392e+01,1.579002430630393e+00
7.180000000000732e+00,2.014047032723438e+00,1.764945047896254e+00,1.558553406599219e+01,1.582650797218292e+00
7.200000000000739e+00,2.004521900387379e+00,1.784761002223986e+00,1.565119928502610e+01,1.586233035249062e+00
7.220000000000746e+00,1.995146982963652e+00,1.804764673748828e+00,1.571717339306388e+01,1.589748377073869e+00
7.240000000000753e+00,1.985921810569160e+00,1.824955699459662e+00,1.578345724175805e+01,1.593196136019211e+00
7.260000000000759e+00,1.976845861601398e+00,1.845333648639344e+00,1.585005158194190e+01,1.596575707269388e+00
7.280000000000766e+00,1.967918563049194e+00,1.865898022977504e+00,1.591695706154243e+01,1.599886568501895e+00
7.300000000000773e+00,1.959139290885159e+00,1.886648256793335e+00,1.598417422362808e+01,1.603128280273250e+00
7.320000000000779e+00,1.950507370539368e+00,1.907583717368583e+00,1.605170350459924e+01,1.606300486154221e+00
7.340000000000786e+00,1.942022077453474e+00,1.928703705390542e+00,1.611954523252890e+01,1.609402912614781e+00
7.360000000000793e+00,1.933682637714208e+00,1.950007455504472e+00,1.618769962566073e+01,1.612435368660553e+00
7.380000000000799e+00,1.925488228764896e+00,1.971494136974439e+00,1.625616679107111e+01,1.615397745223891e+00
7.400000000000806e+00,1.917437980193375e+00,1.993162854451206e+00,1.632494672350156e+01,1.618290014314105e+00
7.420000000000813e+00,1.909530974594414e+00,2.015012648845393e+00,1.639403930436696e+01,1.621112227932679e+00
7.440000000000819e+00,1.901766248504460e+00,2.037042498303736e+00,1.646344430094486e+01,1.623864516760579e+00
7.460000000000826e+00,1.894142793406307e+00,2.059251319285934e+00,1.653316136575020e+01,1.626547088625993e+00
7.480000000000833e+00,1.886659556801032e+00,2.081637967739176e+00,1.660319003609946e+01,1.629160226761967e+00
7.500000000000839e+00,1.879315443344314e+00,2.104201240367109e+00,1.667352973386722e+01,1.631704287864453e+00
7.520000000000846e+00,1.872109316044036e+00,2.126939875989683e+00,1.674417976543765e+01,1.634179699962278e+00
7.540000000000853e+00,1.865039997515888e+00,2.149852556989992e+00,1.681513932185279e+01,1.636586960111392e+00
7.560000000000859e+00,1.858106271293489e+00,2.172937910843945e+00,1.688640747915850e+01,1.638926631926525e+00
7.580000000000866e+00,1.851306883189411e+00,2.196194511728338e+00,1.695798319894832e+01,1.641199342964036e+00
7.600000000000873e+00,1.844640542703302e+00,2.219620882202625e+00,1.702986532910493e+01,1.643405781970307e+00
7.620000000000879e+00,1.838105924473244e+00,2.243215494959530e+00,1.710205260473773e+01,1.645546696010413e+00
7.640000000000886e+00,1.831701669766311e+00,2.266976774639379e+00,1.717454364931473e+01,1.647622887492168e+00
7.660000000000893e+00,1.825426388004260e+00,2.290903099702921e+00,1.724733697598591e+01,1.649635211100803e+00
7.680000000000899e+00,1.819278658320199e+00,2.314992804357245e+00,1.732043098909456e+01,1.651584570659643e+00
7.700000000000906e+00,1.813257031142046e+00,2.339244180529292e+00,1.739382398587246e+01,1.653471915932085e+00
7.720000000000913e+00,1.807360029798554e+00,2.363655479881384e+00,1.746751415831404e+01,1.655298239380089e+00
7.740000000000919e+00,1.801586152143698e+00,2.388224915863151e+00,1.754149959522388e+01,1.657064572894111e+00
7.760000000000926e+00,1.795933872195227e+00,2.412950665794189e+00,1.761577828443145e+01,1.658771984509086e+00
7.780000000000933e+00,1.790401641783202e+00,2.437830872971802e+00,1.769034811516639e+01,1.660421575120637e+00
7.800000000000940e+00,1.784987892204435e+00,2.462863648798213e+00,1.776520688058677e+01,1.662014475215178e+00
7.820000000000946e+00,1.779691035878788e+00,2.488047074921656e+00,1.784035228045278e+01,1.663551841626977e+00
7.840000000000953e+00,1.774509468003373e+00,2.513379205385896e+00,1.791578192393736e+01,1.665034854334595e+00
7.860000000000960e+00,1.769441568200830e+00,2.538858068782753e+00,1.799149333256504e+01,1.666464713308407e+00
7.880000000000966e+00,1.764485702157955e+00,2.564481670402400e+00,1.806748394327003e+01,1.667842635420120e+00
7.900000000000973e+00,1.759640223251076e+00,2.590247994376320e+00,1.814375111156400e+01,1.669169851424438e+00
7.920000000000980e+00,1.754903474154756e+00,2.616155005807953e+00,1.822029211480391e+01,1.670447603022130e+00
7.940000000000986e+00,1.750273788430503e+00,2.642200652886295e+00,1.829710415555006e+01,1.671677140012949e+00
7.960000000000993e+00,1.745749492092377e+00,2.668382868977873e+00,1.837418436500419e+01,1.672859717545919e+00
7.980000000001000e+00,1.741328905146547e+00,2.694699574692728e+00,1.845152980651755e+01,1.673996593473670e+00
8.000000000001005e+00,1.737010343101993e+00,2.721148679920302e+00,1.852913747915873e+01,1.675089025816572e+00
8.020000000000994e+00,1.732792118449801e+00,2.747728085831312e+00,1.860700432133093e+01,1.676138270341595e+00
8.040000000000983e+00,1.728672542108619e+00,2.774435686841975e+00,1.868512721442864e+01,1.677145578259892e+00
8.060000000000972e+00,1.724649924834083e+00,2.801269372537170e+00,1.876350298652353e+01,1.678112194046345e+00
8.080000000000961e+00,1.720722578590191e+00,2.828227029549406e+00,1.884212841606972e+01,1.679039353383431e+00
8.100000000000950e+00,1.716888817880810e+00,2.855306543390696e+00,1.892100023561863e+01,1.679928281231026e+00
8.120000000000939e+00,1.713146961039687e+00,2.882505800234716e+00,1.900011513553386e+01,1.680780190023013e+00
8.140000000000928e+00,1.709495331477524e+00,2.909822688646884e+00,1.907946976769693e+01,1.681596277990852e+00
8.160000000000917e+00,1.705932258884899e+00,2.937255101260248e+00,1.915906074919492e+01,1.682377727613607e+00
8.180000000000906e+00,1.702456080389938e+00,2.964800936395345e+00,1.923888466598131e+01,1.683125704193321e+00
8.200000000000895e+00,1.699065141669907e+00,2.992458099622404e+00,1.931893807650182e+01,1.683841354554063e+00
8.220000000000883e+00,1.695757798015992e+00,3.020224505264590e+00,1.939921751527743e+01,1.684525805862429e+00
8.240000000000872e+00,1.692532415350770e+00,3.048098077841137e+00,1.947971949643712e+01,1.685180164566845e+00
8.260000000000861e+00,1.689387371197992e+00,3.076076753449521e+00,1.956044051719311e+01,1.685805515452566e+00
8.280000000000850e+00,1.686321055604497e+00,3.104158481086012e+00,1.964137706125235e+01,1.686402920808915e+00
8.300000000000839e+00,1.683331872014193e+00,3.132341223904198e+00,1.972252560215787e+01,1.686973419704969e+00
8.320000000000828e+00,1.680418238094209e+00,3.160622960411217e+00,1.980388260655439e+01,1.687518027369628e+00
8.340000000000817e+00,1.677578586513448e+00,3.189001685601721e+00,1.988544453737311e+01,1.688037734671771e+00
8.360000000000806e+00,1.674811365673911e+00,3.217475412029702e+00,1.996720785693078e+01,1.688533507696009e+00
8.380000000000795e+00,1.672115040395243e+00,3.246042170818519e+00,2.004916902993897e+01,1.689006287409403e+00
8.400000000000784e+00,1.669488092553127e+00,3.274700012609676e+00,2.013132452641960e+01,1.689456989414401e+00
8.420000000000773e+00,1.666929021672193e+00,3.303447008450945e+00,2.021367082452365e+01,1.689886503783200e+00
8.440000000000762e+00,1.664436345474245e+00,3.332281250624690e+00,2.029620441324984e+01,1.690295694968644e+00
8.460000000000750e+00,1.662008600382661e+00,3.361200853417306e+00,2.037892179506123e+01,1.690685401786856e+00
8.480000000000739e+00,1.659644341983946e+00,3.390203953830834e+00,2.046181948839753e+01,1.691056437466717e+00
8.500000000000728e+00,1.657342145447429e+00,3.419288712237915e+00,2.054489403008166e+01,1.691409589761460e+00
8.520000000000717e+00,1.655100605904199e+00,3.448453312981359e+00,2.062814197761934e+01,1.691745621117638e+00
8.540000000000706e+00,1.652918338786424e+00,3.477695964919662e+00,2.071155991139097e+01,1.692065268896872e+00
8.560000000000695e+00,1.650793980128222e+00,3.507014901919923e+00,2.079514443673550e+01,1.692369245645872e+00
8.580000000000684e+00,1.648726186829311e+00,3.536408383299652e+00,2.087889218592604e+01,1.692658239410370e+00
8.600000000000673e+00,1.646713636882706e+00,3.565874694219014e+00,2.096279982003772e+01,1.692932914088729e+00
8.620000000000662e+00,1.644755029567724e+00,3.595412146025148e+00,2.104686403070820e+01,1.693193909821176e+00
8.640000000000651e+00,1.642849085609608e+00,3.625019076550158e+00,2.113108154179195e+01,1.693441843410737e+00
8.660000000000640e+00,1.640994547307096e+00,3.654693850364499e+00,2.121544911090925e+01,1.693677308772147e+00
8.680000000000629e+00,1.639190178629243e+00,3.684434858987432e+00,2.129996353089147e+01,1.693900877405183e+00
8.700000000000617e+00,1.637434765282834e+00,3.714240521056276e+00,2.138462163112424e+01,1.694113098889051e+00
8.720000000000606e+00,1.635727114751719e+00,3.744109282456180e+00,2.146942027879036e+01,1.694314501394620e+00
8.740000000000595e+00,1.634066056309377e+00,3.774039616412139e+00,2.155435638001450e+01,1.694505592211518e+00
8.760000000000584e+00,1.632450441006038e+00,3.804030023544988e+00,2.163942688091202e+01,1.694686858287255e+00
8.780000000000573e+00,1.630879141631658e+00,3.834079031893086e+00,2.172462876854410e+01,1.694858766775746e+00
8.800000000000562e+00,1.629351052656017e+00,3.864185196901388e+00,2.180995907178188e+01,1.695021765592774e+00
8.820000000000551e+00,1.627865090147226e+00,3.894347101379596e+00,2.189541486208209e+01,1.695176283976102e+00
8.840000000000540e+00,1.626420191669854e+00,3.924563355431033e+00,2.198099325417708e+01,1.695322733048144e+00
8.860000000000529e+00,1.625015316163921e+00,3.954832596353892e+00,2.206669140668181e+01,1.695461506379238e+00
8.880000000000518e+00,1.623649443805919e+00,3.985153488516440e+00,2.215250652262095e+01,1.695592980549757e+00
8.900000000000507e+00,1.622321575853039e+00,4.015524723207769e+00,2.223843584987878e+01,1.695717515709417e+00
8.920000000000496e+00,1.621030734471716e+00,4.045945018465599e+00,2.232447668157514e+01,1.695835456132331e+00
8.940000000000484e+00,1.619775962551602e+00,4.076413118882634e+00,2.241062635637007e+01,1.695947130766464e+00
8.960000000000473e+00,1.618556323506022e+00,4.106927795392949e+00,2.249688225870044e+01,1.696052853776295e+00
8.980000000000462e+00,1.617370901059944e+00,4.137487845039766e+00,2.258324181895154e+01,1.696152925077639e+00
9.000000000000451e+00,1.616218799026458e+00,4.168092090726025e+00,2.266970251356644e+01,1.696247630863663e+00
9.020000000000440e+00,1.615099141072717e+00,4.198739380949058e+00,2.275626186509633e+01,1.696337244121294e+00
9.040000000000429e+00,1.614011070476271e+00,4.229428589520647e+00,2.284291744219473e+01,1.696422025137282e+00
9.060000000000418e+00,1.612953749872673e+00,4.260158615273673e+00,2.292966685955832e+01,1.696502221993314e+00
9.080000000000407e+00,1.611926360995211e+00,4.290928381756554e+00,2.301650777781758e+01,1.696578071049655e+00
9.100000000000396e+00,1.610928104407584e+00,4.321736836916622e+00,2.310343790337982e+01,1.696649797416876e+00
9.120000000000385e+00,1.609958199230290e+00,4.352582952773490e+00,2.319045498822744e+01,1.696717615415330e+00
9.140000000000374e+00,1.609015882861484e+00,4.383465725083487e+00,2.327755682967418e+01,1.696781729022088e+00
9.160000000000363e+00,1.608100410692998e+00,4.414384172996121e+00,2.336474127008196e+01,1.696842332305138e+00
9.180000000000351e+00,1.607211055822218e+00,4.445337338703560e+00,2.345200619654091e+01,1.696899609844693e+00
9.200000000000340e+00,1.606347108760435e+00,4.476324287083990e+00,2.353934954051504e+01,1.696953737141541e+00
9.220000000000329e+00,1.605507877138292e+00,4.507344105339754e+00,2.362676927745608e+01,1.697004881012385e+00
9.240000000000318e+00,1.604692685408902e+00,4.538395902631044e+00,2.371426342638782e+01,1.697053199972207e+00
9.260000000000307e+00,1.603900874549167e+00,4.569478809705980e+00,2.380183004946304e+01,1.697098844603702e+00
9.280000000000296e+00,1.603131801759830e+00,4.600591978527715e+00,2.388946725149559e+01,1.697141957913890e+00
9.300000000000285e+00,1.602384840164719e+00,4.631734581899364e+00,2.397717317946939e+01,1.697182675678041e+00
9.320000000000274e+00,1.601659378509658e+00,4.662905813087334e+00,2.406494602202651e+01,1.697221126771062e+00
9.340000000000263e+00,1.600954820861456e+00,4.694104885443686e+00,2.415278400893640e+01,1.697257433486551e+00
9.360000000000252e+00,1.600270586307375e+00,4.725331032028128e+00,2.424068541054784e+01,1.697291711843733e+00
9.380000000000241e+00,1.599606108655452e+00,4.756583505230155e+00,2.432864853722575e+01,1.697324071882505e+00
9.400000000000230e+00,1.598960836136017e+00,4.787861576391840e+00,2.441667173877434e+01,1.697354617946839e+00
9.420000000000218e+00,1.598334231104738e+00,4.819164535431767e+00,2.450475340384825e+01,1.697383448956826e+00
9.440000000000207e+00,1.597725769747470e+00,4.850491690470538e+00,2.459289195935327e+01,1.697410658669628e+00
9.460000000000196e+00,1.597134941787218e+00,4.881842367458258e+00,2.468108586983819e+01,1.697436335929624e+00
9.480000000000185e+00,1.596561250193436e+00,4.913215909804374e+00,2.476933363687895e+01,1.697460564908061e+00
9.500000000000174e+00,1.596004210893918e+00,4.944611678010236e+00,2.485763379845669e+01,1.697483425332500e+00
9.520000000000163e+00,1.595463352489489e+00,4.976029049304690e+00,2.494598492833071e+01,1.697504992706365e+00
9.540000000000152e+00,1.594938215971682e+00,5.007467417282994e+00,2.503438563540775e+01,1.697525338518916e+00
9.560000000000141e+00,1.594428354443604e+00,5.038926191549364e+00,2.512283456310844e+01,1.697544530445937e+00
9.580000000000130e+00,1.593933332844131e+00,5.070404797363346e+00,2.521133038873223e+01,1.697562632541471e+00
9.600000000000119e+00,1.593452727675581e+00,5.101902675290289e+00,2.529987182282154e+01,1.697579705420892e+00
9.620000000000108e+00,1.592986126735005e+00,5.133419280856097e+00,2.538845760852638e+01,1.697595806435629e+00
9.640000000000096e+00,1.592533128849203e+00,5.164954084206460e+00,2.547708652096983e+01,1.697610989839851e+00
9.660000000000085e+00,1.592093343613571e+00,5.196506569770724e+00,2.556575736661564e+01,1.697625306949400e+00
9.680000000000074e+00,1.591666391134867e+00,5.228076235930533e+00,2.565446898263848e+01,1.697638806293272e+00
9.700000000000063e+00,1.591251901777977e+00,5.259662594693400e+00,2.574322023629752e+01,1.697651533757938e+00
9.720000000000052e+00,1.590849515916738e+00,5.291265171371317e+00,2.583201002431407e+01,1.697663532724788e+00
9.740000000000041e+00,1.590458883688881e+00,5.322883504264468e+00,2.592083727225385e+01,1.697674844200965e+00
9.760000000000030e+00,1.590079664755143e+00,5.354517144350194e+00,2.600970093391438e+01,1.697685506943876e+00
9.780000000000019e+00,1.589711528062568e+00,5.386165654977206e+00,2.609859999071814e+01,1.697695557579626e+00
9.800000000000008e+00,1.589354151612038e+00,5.417828611565175e+00,2.618753345111181e+01,1.697705030715648e+00
9.819999999999997e+00,1.589007222230049e+00,5.449505601309687e+00,2.627650034997207e+01,1.697713959047762e+00
9.839999999999986e+00,1.588670435344734e+00,5.481196222892644e+00,2.636549974801844e+01,1.697722373461918e+00
9.859999999999975e+00,1.588343494766150e+00,5.512900086198107e+00,2.645453073123331e+01,1.697730303130849e+00
9.879999999999963e+00,1.588026112470817e+00,5.544616812033603e+00,2.654359241028968e+01,1.697737775605860e+00
9.899999999999952e+00,1.587718008390502e+00,5.576346031856928e+00,2.663268391998678e+01,1.697744816903977e+00
9.919999999999941e+00,1.587418910205223e+00,5.608087387508378e+00,2.672180441869381e+01,1.697751451590666e+00
9.939999999999930e+00,1.587128553140478e+00,5.639840530948490e+00,2.681095308780212e+01,1.697757702858317e+00
9.959999999999919e+00,1.586846679768641e+00,5.671605124001207e+00,2.690012913118589e+01,1.697763592600705e+00
9.979999999999908e+00,1.586573039814516e+00,5.703380838102446e+00,2.698933177467163e+01,1.697769141483601e+00
9.999999999999897e+00,1.586307389965011e+00,5.735167354054104e+00,2.707856026551650e+01,1.697774369011723e+00
1.001999999999989e+01,1.586049493682889e+00,5.766964361783369e+00,2.716781387189571e+01,1.697779293592204e+00
1.003999999999987e+01,1.585799121024556e+00,5.798771560107391e+00,2.725709188239896e+01,1.697783932594732e+00
1.005999999999986e+01,1.585556048461844e+00,5.830588656503201e+00,2.734639360553607e+01,1.697788302408542e+00
1.007999999999985e+01,1.585320058707739e+00,5.862415366882855e+00,2.743571836925197e+01,1.697792418496392e+00
1.009999999999984e+01,1.585090940546003e+00,5.894251415373765e+00,2.752506552045082e+01,1.697796295445690e+00
1.011999999999983e+01,1.584868488664640e+00,5.926096534104118e+00,2.761443442452964e+01,1.697799947016899e+00
1.013999999999982e+01,1.584652503493148e+00,5.957950462993365e+00,2.770382446492114e+01,1.697803386189365e+00
1.015999999999981e+01,1.584442791043503e+00,5.989812949547704e+00,2.779323504264590e+01,1.697806625204693e+00
1.017999999999980e+01,1.584239162754817e+00,6.021683748660481e+00,2.788266557587398e+01,1.697809675607789e+00
1.019999999999979e+01,1.584041435341605e+00,6.053562622417451e+00,2.797211549949569e+01,1.697812548285700e+00
1.021999999999978e+01,1.583849430645610e+00,6.085449339906844e+00,2.806158426470171e+01,1.697815253504348e+00
1.023999999999976e+01,1.583662975491118e+00,6.117343677034127e+00,2.815107133857244e+01,1.697817800943282e+00
1.025999999999975e+01,1.583481901543694e+00,6.149245416341442e+00,2.824057620367639e+01,1.697820199728528e+00
1.027999999999974e+01,1.583306045172290e+00,6.181154346831599e+00,2.833009835767778e+01,1.697822458463669e+00
1.029999999999973e+01,1.583135247314650e+00,6.213070263796591e+00,2.841963731295315e+01,1.697824585259205e+00
1.031999999999972e+01,1.582969353345952e+00,6.244992968650508e+00,2.850919259621679e+01,1.697826587760322e+00
1.033999999999971e+01,1.582808212950615e+00,6.276922268766839e+00,2.859876374815521e+01,1.697828473173122e+00
1.035999999999970e+01,1.582651679997222e+00,6.308857977320023e+00,2.868835032307023e+01,1.697830248289419e+00
1.037999999999969e+01,1.582499612416472e+00,6.340799913131219e+00,2.877795188853076e+01,1.697831919510160e+00
1.039999999999968e+01,1.582351872082117e+00,6.372747900518189e+00,2.886756802503320e+01,1.697833492867554e+00
1.041999999999966e+01,1.582208324694804e+00,6.404701769149243e+00,2.895719832567022e+01,1.697834974045970e+00
1.043999999999965e+01,1.582068839668759e+00,6.436661353901140e+00,2.904684239580801e+01,1.697836368401677e+00
1.045999999999964e+01,1.581933290021263e+00,6.468626494720925e+00,2.913649985277158e+01,1.697837680981482e+00
1.047999999999963e+01,1.581801552264827e+00,6.500597036491545e+00,2.922617032553840e+01,1.697838916540327e+00
1.049999999999962e+01,1.581673506302035e+00,6.532572828901254e+00,2.931585345443987e+01,1.697840079557906e+00
1.051999999999961e+01,1.581549035322967e+00,6.564553726316675e+00,2.940554889087076e+01,1.697841174254347e+00
1.053999999999960e+01,1.581428025705150e+00,6.596539587659477e+00,2.949525629700647e+01,1.697842204605013e+00
1.055999999999959e+01,1.581310366915968e+00,6.628530276286576e+00,2.958497534552782e+01,1.697843174354467e+00
1.057999999999958e+01,1.581195951417479e+00,6.660525659873811e+00,2.967470571935340e+01,1.697844087029664e+00
1.059999999999956e+01,1.581084674573562e+00,6.692525610303001e+00,2.976444711137948e+01,1.697844945952375e+00
1.061999999999955e+01,1.580976434559357e+00,6.724530003552331e+00,2.985419922422695e+01,1.697845754250928e+00
1.063999999999954e+01,1.580871132272908e+00,6.756538719589997e+00,2.994396176999562e+01,1.697846514871269e+00
1.065999999999953e+01,1.580768671248972e+00,6.788551642271021e+00,3.003373447002547e+01,1.697847230587406e+00
1.067999999999952e+01,1.580668957574931e+00,6.820568659237225e+00,3.012351705466488e+01,1.697847904011247e+00
1.069999999999951e+01,1.580571899808743e+00,6.852589661820216e+00,3.021330926304560e+01,1.697848537601884e+00
1.071999999999950e+01,1.580477408898875e+00,6.884614544947406e+00,3.030311084286445e+01,1.697849133674345e+00
1.073999999999949e+01,1.580385398106170e+00,6.916643207050955e+00,3.039292155017154e+01,1.697849694407842e+00
1.075999999999948e+01,1.580295782927589e+00,6.948675549979568e+00,3.048274114916505e+01,1.697850221853548e+00
1.077999999999946e+01,1.580208481021759e+00,6.980711478913132e+00,3.057256941199212e+01,1.697850717941925e+00
1.079999999999945e+01,1.580123412136297e+00,7.012750902280086e+00,3.066240611855629e+01,1.697851184489632e+00
1.081999999999944e+01,1.580040498036840e+00,7.044793731677501e+00,3.075225105633072e+01,1.697851623206029e+00
1.083999999999943e+01,1.579959662437730e+00,7.076839881793807e+00,3.084210402017760e+01,1.697852035699303e+00
1.085999999999942e+01,1.579880830934311e+00,7.108889270334092e+00,3.093196481217345e+01,1.697852423482251e+00
1.087999999999941e+01,1.579803930936773e+00,7.140941817947962e+00,3.102183324144013e+01,1.697852787977706e+00
1.089999999999940e+01,1.579728891605505e+00,7.172997448159860e+00,3.111170912398161e+01,1.697853130523661e+00
1.091999999999939e+01,1.579655643787905e+00,7.205056087301839e+00,3.120159228252625e+01,1.697853452378086e+00
1.093999999999938e+01,1.579584119956584e+00,7.237117664448723e+00,3.129148254637467e+01,1.697853754723462e+00
1.095999999999936e+01,1.579514254148948e+00,7.269182111355591e+00,3.138137975125286e+01,1.697854038671047e+00
1.097999999999935e+01,1.579445981908068e+00,7.301249362397574e+00,3.147128373917078e+01,1.697854305264890e+00
1.099999999999934e+01,1.579379240224825e+00,7.333319354511900e+00,3.156119435828602e+01,1.697854555485604e+00
1.101999999999933e+01,1.579313967481274e+00,7.365392027142136e+00,3.165111146277258e+01,1.697854790253913e+00
1.103999999999932e+01,1.579250103395176e+00,7.397467322184609e+00,3.174103491269481e+01,1.697855010433984e+00
1.105999999999931e+01,1.579187588965651e+00,7.429545183936954e+00,3.183096457388614e+01,1.697855216836560e+00
1.107999999999930e+01,1.579126366419930e+00,7.461625559048742e+00,3.192090031783279e+01,1.697855410221899e+00
1.109999999999929e+01,1.579066379161127e+00,7.493708396474176e+00,3.201084202156224e+01,1.697855591302530e+00
1.111999999999928e+01,1.579007571717024e+00,7.525793647426772e+00,3.210078956753637e+01,1.697855760745844e+00
1.113999999999927e+01,1.578949889689798e+00,7.557881265336074e+00,3.219074284354933e+01,1.697855919176514e+00
1.115999999999925e+01,1.578893279706669e+00,7.589971205806263e+00,3.228070174262993e+01,1.697856067178767e+00
1.117999999999924e+01,1.578837689371414e+00,7.622063426576731e+00,3.237066616294855e+01,1.697856205298513e+00
1.119999999999923e+01,1.578783067216712e+00,7.654157887484508e+00,3.246063600772851e+01,1.697856334045324e+00
1.121999999999922e+01,1.578729362657278e+00,7.686254550428573e+00,3.255061118516181e+01,1.697856453894295e+00
1.123999999999921e+01,1.578676525943753e+00,7.718353379335992e+00,3.264059160832919e+01,1.697856565287771e+00
1.125999999999920e+01,1.578624508117298e+00,7.750454340129859e+00,3.273057719512450e+01,1.697856668636959e+00
1.127999999999919e+01,1.578573260964859e+00,7.782557400699023e+00,3.282056786818332e+01,1.697856764323429e+00
1.129999999999918e+01,1.578522736975077e+00,7.814662530869577e+00,3.291056355481561e+01,1.697856852700501e+00
1.131999999999917e+01,1.578472889294775e+00,7.846769702378091e+00,3.300056418694268e+01,1.697856934094535e+00
1.133999999999915e+01,1.578423671686019e+00,7.878878888846542e+00,3.309056970103808e+01,1.697857008806123e+00
1.135999999999914e+01,1.578375038483689e+00,7.910990065758988e+00,3.318058003807275e+01,1.697857077111181e+00
1.137999999999913e+01,1.578326944553532e+00,7.943103210439869e+00,3.327059514346393e+01,1.697857139261955e+00
1.139999999999912e+01,1.578279345250673e+00,7.975218302034022e+00,3.336061496702821e+01,1.697857195487947e+00
1.141999999999911e+01,1.578232196378514e+00,8.007335321488320e+00,3.345063946293846e+01,1.697857245996741e+00
1.143999999999910e+01,1.578185454148026e+00,8.039454251534963e+00,3.354066858968483e+01,1.697857290974766e+00
1.145999999999909e+01,1.578139075137360e+00,8.071575076676410e+00,3.363070231003945e+01,1.697857330587973e+00
1.147999999999908e+01,1.578093016251772e+00,8.103697783171881e+00,3.372074059102505e+01,1.697857364982435e+00
1.149999999999907e+01,1.578047234683799e+00,8.135822359025523e+00,3.381078340388762e+01,1.697857394284878e+00
1.151999999999905e+01,1.578001687873674e+00,8.167948793976139e+00,3.390083072407269e+01,1.697857418603141e+00
1.153999999999904e+01,1.577956333469922e+00,8.200077079488535e+00,3.399088253120561e+01,1.697857438026565e+00
1.155999999999903e+01,1.577911129290120e+00,8.232207208746440e+00,3.408093880907557e+01,1.697857452626308e+00
1.157999999999902e+01,1.577866033281776e+00,8.264339176647010e+00,3.417099954562352e+01,1.697857462455604e+00
1.159999999999901e+01,1.577821003483285e+00,8.296472979796951e+00,3.426106473293383e+01,1.697857467549950e+00
1.161999999999900e+01,1.577775997984942e+00,8.328608616510161e+00,3.435113436722988e+01,1.697857467927222e+00
1.163999999999899e+01,1.577730974889963e+00,8.360746086807030e+00,3.444120844887342e+01,1.697857463587731e+00
1.165999999999898e+01,1.577685892275482e+00,8.392885392415272e+00,3.453128698236780e+01,1.697857454514220e+00
1.167999999999897e+01,1.577640708153485e+00,8.425026536772375e+00,3.462136997636507e+01,1.697857440671778e+00
1.169999999999895e+01,1.577595380431655e+00,8.457169525029641e+00,3.471145744367698e+01,1.697857422007707e+00
1.171999999999894e+01,1.577549866874077e+00,8.489314364057835e+00,3.480154940128978e+01,1.697857398451311e+00
1.173999999999893e+01,1.577504125061767e+00,8.521461062454426e+00,3.489164587038310e+01,1.697857369913620e+00
1.175999999999892e+01,1.577458112353012e+00,8.553609630552478e+00,3.498174687635265e+01,1.697857336287046e+00
1.177999999999891e+01,1.577411785843437e+00,8.585760080431156e+00,3.507185244883697e+01,1.697857297444972e+00
1.179999999999890e+01,1.577365102325816e+00,8.617912425927873e+00,3.516196262174826e+01,1.697857253241263e+00
1.181999999999889e+01,1.577318018249542e+00,8.650066682652138e+00,3.525207743330711e+01,1.697857203509713e+00
1.183999999999888e+01,1.577270489679743e+00,8.682222868001011e+00,3.534219692608151e+01,1.697857148063401e+00
1.185999999999887e+01,1.577222472255998e+00,8.714381001176330e+00,3.543232114702989e+01,1.697857086693991e+00
1.187999999999886e+01,1.577173921150608e+00,8.746541103203588e+00,3.552245014754847e+01,1.697857019170927e+00
1.189999999999884e+01,1.577124791026395e+00,8.778703196952607e+00,3.561258398352285e+01,1.697856945240563e+00
1.191999999999883e+01,1.577075035993974e+00,8.810867307159908e+00,3.570272271538387e+01,1.697856864625193e+00
1.193999999999882e+01,1.577024609568457e+00,8.843033460452938e+00,3.579286640816794e+01,1.697856777022001e+00
1.195999999999881e+01,1.576973464625561e+00,8.875201685376039e+00,3.588301513158179e+01,1.697856682101900e+00
1.197999999999880e+01,1.576921553357057e+00,8.907372012418307e+00,3.597316896007182e+01,1.697856579508289e+00
1.199999999999879e+01,1.576868827225534e+00,8.939544474043295e+00,3.606332797289804e+01,1.697856468855693e+00
1.201999999999878e+01,1.576815236918421e+00,8.971719104720636e+00,3.615349225421272e+01,1.697856349728296e+00
1.203999999999877e+01,1.576760732301220e+00,9.003895940959604e+00,3.624366189314380e+01,1.697856221678359e+00
1.205999999999876e+01,1.576705262369920e+00,9.036075021344638e+00,3.633383698388337e+01,1.697856084224519e+00
1.207999999999874e+01,1.576648775202521e+00,9.068256386572891e+00,3.642401762578096e+01,1.697855936849950e+00
1.209999999999873e+01,1.576591217909638e+00,9.100440079493840e+00,3.651420392344205e+01,1.697855779000400e+00
1.211999999999872e+01,1.576532536584121e+00,9.132626145150967e+00,3.660439598683174e+01,1.697855610082077e+00
1.213999999999871e+01,1.576472676249657e+00,9.164814630825640e+00,3.669459393138390e+01,1.697855429459383e+00
1.215999999999870e+01,1.576411580808276e+00,9.197005586083124e+00,3.678479787811560e+01,1.697855236452495e+00
1.217999999999869e+01,1.576349192986735e+00,9.229199062820872e+00,3.687500795374733e+01,1.697855030334762e+00
1.219999999999868e+01,1.576285454281702e+00,9.261395115319111e+00,3.696522429082889e+01,1.697854810329939e+00
1.221999999999867e+01,1.576220304903704e+00,9.293593800293774e+00,3.705544702787117e+01,1.697854575609211e+00
1.223999999999866e+01,1.576153683719753e+00,9.325795176951830e+00,3.714567630948397e+01,1.697854325288035e+00
1.225999999999864e+01,1.576085528194628e+00,9.357999307049118e+00,3.723591228652018e+01,1.697854058422742e+00
1.227999999999863e+01,1.576015774330710e+00,9.390206254950680e+00,3.732615511622608e+01,1.697853774006934e+00
1.229999999999862e+01,1.575944356606340e+00,9.422416087693733e+00,3.741640496239848e+01,1.697853470967621e+00
1.231999999999861e+01,1.575871207912615e+00,9.454628875053288e+00,3.750666199554842e+01,1.697853148161108e+00
1.233999999999860e+01,1.575796259488566e+00,9.486844689610519e+00,3.759692639307194e+01,1.697852804368602e+00
1.235999999999859e+01,1.575719440854636e+00,9.519063606823977e+00,3.768719833942788e+01,1.697852438291532e+00
1.237999999999858e+01,1.575640679744405e+00,9.551285705103689e+00,3.777747802632326e+01,1.697852048546553e+00
1.239999999999857e+01,1.575559902034465e+00,9.583511065888240e+00,3.786776565290593e+01,1.697851633660224e+00
1.241999999999856e+01,1.575477031672394e+00,9.615739773724936e+00,3.795806142596543e+01,1.697851192063326e+00
1.243999999999854e+01,1.575391990602726e+00,9.647971916353153e+00,3.804836556014155e+01,1.697850722084814e+00
1.245999999999853e+01,1.575304698690853e+00,9.680207584790924e+00,3.813867827814162e+01,1.697850221945364e+00
1.247999999999852e+01,1.575215073644773e+00,9.712446873424886e+00,3.822899981096599e+01,1.697849689750496e+00
1.249999999999851e+01,1.575123030934583e+00,9.744689880103721e+00,3.831933039814271e+01,1.697849123483243e+00
1.251999999999850e+01,1.575028483709645e+00,9.776936706235128e+00,3.840967028797130e+01,1.697848520996339e+00
1.253999999999849e+01,1.574931342713321e+00,9.809187456886528e+00,3.850001973777591e+01,1.697847880003889e+00
1.255999999999848e+01,1.574831516195183e+00,9.841442240889545e+00,3.859037901416842e+01,1.697847198072498e+00
1.257999999999847e+01,1.574728909820603e+00,9.873701170948417e+00,3.868074839332164e+01,1.697846472611802e+00
1.259999999999846e+01,1.574623426577606e+00,9.905964363752464e+00,3.877112816125300e+01,1.697845700864392e+00
1.261999999999844e+01,1.574514966680897e+00,9.938231940092768e+00,3.886151861411916e+01,1.697844879895059e+00
1.263999999999843e+01,1.574403427472938e+00,9.970504024983176e+00,3.895192005852181e+01,1.697844006579340e+00
1.265999999999842e+01,1.574288703321958e+00,1.000278074778574e+01,3.904233281182521e+01,1.697843077591300e+00
1.267999999999841e+01,1.574170685516787e+00,1.003506224234086e+01,3.913275720248576e+01,1.697842089390516e+00
1.269999999999840e+01,1.574049262158382e+00,1.006734864710213e+01,3.922319357039411e+01,1.697841038208190e+00
1.271999999999839e+01,1.573924318047912e+00,1.009964010527621e+01,3.931364226723027e+01,1.697839920032354e+00
1.273999999999838e+01,1.573795734571275e+00,1.013193676496780e+01,3.940410365683228e+01,1.697838730592084e+00
1.275999999999837e+01,1.573663389579908e+00,1.016423877932994e+01,3.949457811557870e+01,1.697837465340680e+00
1.277999999999836e+01,1.573527157267732e+00,1.019654630671971e+01,3.958506603278573e+01,1.697836119437712e+00
1.279999999999835e+01,1.573386908044096e+00,1.022885951085981e+01,3.967556781111945e+01,1.697834687729894e+00
1.281999999999833e+01,1.573242508402556e+00,1.026117856100582e+01,3.976608386702367e+01,1.697833164730663e+00
1.283999999999832e+01,1.573093820785322e+00,1.029350363211979e+01,3.985661463116399e+01,1.697831544598411e+00
1.285999999999831e+01,1.572940703443201e+00,1.032583490505000e+01,3.994716054888892e+01,1.697829821113261e+00
1.287999999999830e+01,1.572783010290877e+00,1.035817256671739e+01,4.003772208070849e+01,1.697827987652282e+00
1.289999999999829e+01,1.572620590757308e+00,1.039051681030876e+01,4.012829970279126e+01,1.697826037163058e+00
1.291999999999828e+01,1.572453289631080e+00,1.042286783547711e+01,4.021889390748027e+01,1.697823962135467e+00
1.293999999999827e+01,1.572280946900500e+00,1.045522584854922e+01,4.030950520382891e+01,1.697821754571577e+00
1.295999999999826e+01,1.572103397588213e+00,1.048759106274098e+01,4.040013411815733e+01,1.697819405953505e+00
1.297999999999825e+01,1.571920471580138e+00,1.051996369838055e+01,4.049078119463052e+01,1.697816907209114e+00
1.299999999999823e+01,1.571731993448486e+00,1.055234398313978e+01,4.058144699585865e+01,1.697814248675389e+00
1.301999999999822e+01,1.571537782268609e+00,1.058473215227416e+01,4.067213210352082e+01,1.697811420059327e+00
1.303999999999821e+01,1.571337651429452e+00,1.061712844887169e+01,4.076283711901318e+01,1.697808410396179e+00
1.305999999999820e+01,1.571131408437333e+00,1.064953312411096e+01,4.085356266412244e+01,1.697805208004850e+00
1.307999999999819e+01,1.570918854712769e+00,1.068194643752883e+01,4.094430938172597e+01,1.697801800440251e+00
1.309999999999818e+01,1.570699785380084e+00,1.071436865729813e+01,4.103507793651939e+01,1.697798174442404e+00
1.311999999999817e+01,1.570473989049473e+00,1.074680006051575e+01,4.112586901577335e+01,1.697794315882056e+00
1.313999999999816e+01,1.570241247591231e+00,1.077924093350155e+01,4.121668333012020e+01,1.697790209702554e+00
1.315999999999815e+01,1.570001335901802e+00,1.081169157210858e+01,4.130752161437255e+01,1.697785839857727e+00
1.317999999999813e+01,1.569754021661311e+00,1.084415228204494e+01,4.139838462837444e+01,1.697781189245472e+00
1.319999999999812e+01,1.569499065082211e+00,1.087662337920803e+01,4.148927315788740e+01,1.697776239636750e+00
1.321999999999811e+01,1.569236218648678e+00,1.090910519003143e+01,4.158018801551240e+01,1.697770971599647e+00
1.323999999999810e+01,1.568965226846340e+00,1.094159805184509e+01,4.167113004164958e+01,1.697765364418159e+00
1.325999999999809e+01,1.568685825881938e+00,1.097410231324949e+01,4.176210010549774e+01,1.697759396005301e+00
1.327999999999808e+01,1.568397743392465e+00,1.100661833450409e+01,4.185309910609506e+01,1.697753042810132e+00
1.329999999999807e+01,1.568100698143335e+00,1.103914648793105e+01,4.194412797340350e+01,1.697746279718261e+00
1.331999999999806e+01,1.567794399715101e+00,1.107168715833463e+01,4.203518766943862e+01,1.697739079945332e+00
1.333999999999805e+01,1.567478548178185e+00,1.110424074343702e+01,4.212627918944722e+01,1.697731414922992e+00
1.335999999999803e+01,1.567152833755127e+00,1.113680765433144e+01,4.221740356313521e+01,1.697723254176763e+00
1.337999999999802e+01,1.566816936469749e+00,1.116938831595316e+01,4.230856185594807e+01,1.697714565195237e+00
1.339999999999801e+01,1.566470525782668e+00,1.120198316756940e+01,4.239975517040670e+01,1.697705313289920e+00
1.341999999999800e+01,1.566113260212522e+00,1.123459266328872e+01,4.249098464750126e+01,1.697695461445043e+00
1.343999999999799e+01,1.565744786942243e+00,1.126721727259119e+01,4.258225146814629e+01,1.697684970156564e+00
1.345999999999798e+01,1.565364741409703e+00,1.129985748087988e+01,4.267355685470000e+01,1.697673797259555e+00
1.347999999999797e+01,1.564972746881973e+00,1.133251379005505e+01,4.276490207255135e+01,1.697661897743073e+00
1.349999999999796e+01,1.564568414012440e+00,1.136518671911184e+01,4.285628843177818e+01,1.697649223551564e+00
1.351999999999795e+01,1.564151340379969e+00,1.139787680476281e+01,4.294771728888055e+01,1.697635723371759e+00
1.353999999999794e+01,1.563721110009220e+00,1.143058460208632e+01,4.303919004859318e+01,1.697621342403936e+00
1.355999999999792e+01,1.563277292871240e+00,1.146331068520219e+01,4.313070816578112e+01,1.697606022116322e+00
1.357999999999791e+01,1.562819444363341e+00,1.149605564797591e+01,4.322227314742366e+01,1.697589699981335e+00
1.359999999999790e+01,1.562347104767254e+00,1.152882010475282e+01,4.331388655469101e+01,1.697572309192199e+00
1.361999999999789e+01,1.561859798684477e+00,1.156160469112371e+01,4.340555000511924e+01,1.697553778358412e+00
1.363999999999788e+01,1.561357034447666e+00,1.159441006472361e+01,4.349726517488880e+01,1.697534031178351e+00
1.365999999999787e+01,1.560838303506858e+00,1.162723690606530e+01,4.358903380121298e+01,1.697512986087192e+00
1.367999999999786e+01,1.560303079789244e+00,1.166008591940937e+01,4.368085768484213e+01,1.697490555878157e+00
1.369999999999785e+01,1.559750819031110e+00,1.169295783367281e+01,4.377273869269109e+01,1.697466647294903e+00
1.371999999999784e+01,1.559180958080517e+00,1.172585340337810e+01,4.386467876059659e+01,1.697441160592702e+00
1.373999999999782e+01,1.558592914169159e+00,1.175877340964495e+01,4.395667989621278e+01,1.697413989065845e+00
1.375999999999781e+01,1.557986084151772e+00,1.179171866122709e+01,4.404874418205305e+01,1.697385018538464e+00
1.377999999999780e+01,1.557359843711349e+00,1.182468999559635e+01,4.414087377868749e+01,1.697354126815724e+00
1.379999999999779e+01,1.556713546528303e+00,1.185768828007691e+01,4.423307092810507e+01,1.697321183092038e+00
1.381999999999778e+01,1.556046523411606e+00,1.189071441303227e+01,4.432533795725144e+01,1.697286047312699e+00
1.383999999999777e+01,1.555358081389804e+00,1.192376932510796e+01,4.441767728175329e+01,1.697248569484920e+00
1.385999999999776e+01,1.554647502759648e+00,1.195685398053326e+01,4.451009140984127e+01,1.697208588933957e+00
1.387999999999775e+01,1.553914044089971e+00,1.198996937848517e+01,4.460258294648430e+01,1.697165933499563e+00
1.389999999999774e+01,1.553156935178225e+00,1.202311655451831e+01,4.469515459774944e+01,1.697120418667558e+00
1.391999999999772e+01,1.552375377956971e+00,1.205629658206458e+01,4.478780917540215e+01,1.697071846630814e+00
1.393999999999771e+01,1.551568545347382e+00,1.208951057400679e+01,4.488054960176317e+01,1.697020005273405e+00
1.395999999999770e+01,1.550735580056651e+00,1.212275968433051e+01,4.497337891483966e+01,1.696964667071051e+00
1.397999999999769e+01,1.549875593315936e+00,1.215604510985913e+01,4.506630027374943e+01,1.696905587900324e+00
1.399999999999768e+01,1.548987663555278e+00,1.218936809207696e+01,4.515931696445892e+01,1.696842505748312e+00
1.401999999999767e+01,1.548070835011621e+00,1.222272991904610e+01,4.525243240585698e+01,1.696775139313639e+00
1.403999999999766e+01,1.547124116265839e+00,1.225613192742260e+01,4.534565015618867e+01,1.696703186488773e+00
1.405999999999765e+01,1.546146478704303e+00,1.228957550457867e+01,4.543897391987540e+01,1.696626322712582e+00
1.407999999999764e+01,1.545136854900249e+00,1.232306209083725e+01,4.553240755474955e+01,1.696544199180885e+00
1.409999999999762e+01,1.544094136909809e+00,1.235659318182664e+01,4.562595507973487e+01,1.696456440901548e+00
1.411999999999761e+01,1.543017174477194e+00,1.239017033096278e+01,4.571962068300599e+01,1.696362644579173e+00
1.413999999999760e+01,1.541904773143077e+00,1.242379515206791e+01,4.581340873066409e+01,1.696262376312930e+00
1.415999999999759e+01,1.540755692249768e+00,1.245746932213455e+01,4.590732377596892e+01,1.696155169089202e+00
1.417999999999758e+01,1.539568642836269e+00,1.249119458424495e+01,4.600137056917041e+01,1.696040520048835e+00
1.419999999999757e+01,1.538342285415707e+00,1.252497275065652e+01,4.609555406798861e+01,1.695917887506464e+00
1.421999999999756e+01,1.537075227627089e+00,1.255880570606496e+01,4.618987944879381e+01,1.695786687696941e+00
1.423999999999755e+01,1.535766021752614e+00,1.259269541105765e+01,4.628435211854474e+01,1.695646291221067e+00
1.425999999999754e+01,1.534413162091053e+00,1.262664390577093e+01,4.637897772754796e+01,1.695496019159652e+00
1.427999999999752e+01,1.533015082176934e+00,1.266065331376603e+01,4.647376218310795e+01,1.695335138821397e+00
1.429999999999751e+01,1.531570151834351e+00,1.269472584613986e+01,4.656871166414430e+01,1.695162859086043e+00
1.431999999999750e+01,1.530076674053287e+00,1.272886380588800e+01,4.666383263686053e+01,1.694978325299705e+00
1.433999999999749e+01,1.528532881675243e+00,1.276306959253920e+01,4.675913187155728e+01,1.694780613674174e+00
1.435999999999748e+01,1.526936933873797e+00,1.279734570708188e+01,4.685461646069305e+01,1.694568725136148e+00
1.437999999999747e+01,1.525286912414458e+00,1.283169475720563e+01,4.695029383830631e+01,1.694341578565739e+00
1.439999999999746e+01,1.523580817676687e+00,1.286611946288226e+01,4.704617180092504e+01,1.694098003356113e+00
1.441999999999745e+01,1.521816564419408e+00,1.290062266231379e+01,4.714225853010433e+01,1.693836731217554e+00
1.443999999999744e+01,1.519991977269585e+00,1.293520731827685e+01,4.723856261674761e+01,1.693556387139515e+00
1.445999999999743e+01,1.518104785911458e+00,1.296987652489634e+01,4.733509308738580e+01,1.693255479413077e+00
1.447999999999741e+01,1.516152619951886e+00,1.300463351488397e+01,4.743185943260784e+01,1.692932388603513e+00
1.449999999999740e+01,1.514133003434831e+00,1.303948166728126e+01,4.752887163785984e+01,1.692585355348054e+00
1.451999999999739e+01,1.512043348975335e+00,1.307442451575016e+01,4.762614021685578e+01,1.692212466837177e+00
1.453999999999738e+01,1.509880951480313e+00,1.310946575745933e+01,4.772367624787225e+01,1.691811641818499e+00
1.455999999999737e+01,1.507642981420180e+00,1.314460926261879e+01,4.782149141323406e+01,1.691380613940065e+00
1.457999999999736e+01,1.505326477611518e+00,1.317985908472128e+01,4.791959804233605e+01,1.690916913224227e+00
1.459999999999735e+01,1.502928339466827e+00,1.321521947155530e+01,4.801800915859119e+01,1.690417845433516e+00
1.461999999999734e+01,1.500445318662610e+00,1.325069487706131e+01,4.811673853074680e+01,1.689880469055532e+00
1.463999999999733e+01,1.497874010171777e+00,1.328628997411112e+01,4.821580072906904e+01,1.689301569593736e+00
1.465999999999731e+01,1.495210842600266e+00,1.332200966829904e+01,4.831521118696530e+01,1.688677630804437e+00
1.467999999999730e+01,1.492452067761037e+00,1.335785911284406e+01,4.841498626869328e+01,1.688004802465712e+00
1.469999999999729e+01,1.489593749410872e+00,1.339384372471332e+01,4.851514334389748e+01,1.687278864200240e+00
1.471999999999728e+01,1.486631751066679e+00,1.342996920209094e+01,4.861570086982267e+01,1.686495184799159e+00
1.473999999999727e+01,1.483561722808075e+00,1.346624154333077e+01,4.871667848217927e+01,1.685648676405993e+00
1.475999999999726e+01,1.480379086961695e+00,1.350266706754899e+01,4.881809709578398e+01,1.684733742815779e+00
1.477999999999725e+01,1.477079022549758e+00,1.353925243703199e+01,4.891997901627393e+01,1.683744221021664e+00
1.479999999999724e+01,1.473656448370612e+00,1.357600468165756e+01,4.902234806439799e+01,1.682673314995409e+00
1.481999999999723e+01,1.470106004561993e+00,1.361293122555310e+01,4.912522971463459e+01,1.681513520514784e+00
1.483999999999721e+01,1.466422032478200e+00,1.365003991624446e+01,4.922865125017570e+01,1.680256539643821e+00
1.485999999999720e+01,1.462598552689841e+00,1.368733905658339e+01,4.933264193666578e+01,1.678893183223974e+00
1.487999999999719e+01,1.458629240888726e+00,1.372483743978159e+01,4.943723321750166e+01,1.677413259436507e+00
1.489999999999718e+01,1.454507401450238e+00,1.376254438792571e+01,4.954245893400385e+01,1.675805446137467e+00
1.491999999999717e+01,1.450225938370320e+00,1.380046979440171e+01,4.964835557437951e+01,1.674057144232409e+00
1.493999999999716e+01,1.445777323253179e+00,1.383862417072033e+01,4.975496255614024e+01,1.672154308830792e+00
1.495999999999715e+01,1.441153559977684e+00,1.387701869830971e+01,4.986232254754526e+01,1.670081254277284e+00
1.497999999999714e+01,1.436346145614039e+00,1.391566528592846e+01,4.997048183475720e+01,1.667820428370639e+00
1.499999999999713e+01,1.431346027095708e+00,1.395457663345604e+01,5.007949074277673e+01,1.665352150114038e+00
1.501999999999711e+01,1.426143553072894e+00,1.399376630293954e+01,5.018940411993825e+01,1.662654304147299e+00
1.503999999999710e+01,1.420728420280385e+00,1.403324879792190e+01,5.030028189789446e+01,1.659701983531207e+00
1.505999999999709e+01,1.415089613641174e+00,1.407303965225087e+01,5.041218974171986e+01,1.656467070709593e+00
1.507999999999708e+01,1.409215339193893e+00,1.411315552977723e+01,5.052519980819010e+01,1.652917744164437e+00
1.509999999999707e+01,1.403092948771770e+00,1.415361433660289e+01,5.063939163467056e+01,1.649017895370106e+00
1.511999999999706e+01,1.396708855167176e+00,1.419443534784513e+01,5.075485318668191e+01,1.644726436969270e+00
1.513999999999705e+01,1.390048436280871e+00,1.423563935125479e+01,5.087168209952571e+01,1.639996478401642e+00
1.515999999999704e+01,1.383095926468460e+00,1.427724881048136e+01,5.098998715893197e+01,1.634774339204714e+00
1.517999999999703e+01,1.375834292945213e+00,1.431928805133720e+01,5.110989007835990e+01,1.628998362451343e+00
1.519999999999702e+01,1.368245094677126e+00,1.436178347510522e+01,5.123152764750581e+01,1.622597480718694e+00
1.521999999999700e+01,1.360308320648745e+00,1.440476380379601e+01,5.135505434943229e+01,1.615489473809879e+00
1.523999999999699e+01,1.352002203727557e+00,1.444826036333900e+01,5.148064557497821e+01,1.607578840085161e+00
1.525999999999698e+01,1.343303005502038e+00,1.449230741205312e+01,5.160850160637587e+01,1.598754180183434e+00
1.527999999999697e+01,1.334184766404098e+00,1.453694252347045e+01,5.173885260275157e+01,1.588884960982095e+00
1.529999999999696e+01,1.324619014067217e+00,1.458220703479865e+01,5.187196490680476e+01,1.577817485796803e+00
1.531999999999695e+01,1.314574421124401e+00,1.462814657516195e+01,5.200814911754081e+01,1.565369839653205e+00
1.533999999999694e+01,1.304016401385434e+00,1.467481169147703e+01,5.214777055938303e+01,1.551325499536578e+00
1.535999999999693e+01,1.292906630370315e+00,1.472225859470235e+01,5.229126305748116e+01,1.535425189331768e+00
1.537999999999692e+01,1.281202472261849e+00,1.477055005568077e+01,5.243914735988837e+01,1.517356403449316e+00
1.539999999999690e+01,1.268856290114352e+00,1.481975648849076e+01,5.259205622849178e+01,1.496739800208231e+00
1.541999999999689e+01,1.255814609097048e+00,1.486995727102640e+01,5.275076932877077e+01,1.473111342387496e+00
1.543999999999688e+01,1.242017092898378e+00,1.492124236875652e+01,5.291626291057752e+01,1.445898585238184e+00
1.545999999999687e+01,1.227395280038094e+00,1.497371435023665e+01,5.308978251944319e+01,1.414388797153237e+00
1.547999999999686e+01,1.211871008013412e+00,1.502749091496239e+01,5.327295288980670e+01,1.377685506863676e+00
1.549999999999685e+01,1.195354426299319e+00,1.508270810020905e+01,5.346795049226690e+01,1.334648372153441e+00
1.551999999999684e+01,1.177741460067285e+00,1.513952440097527e+01,5.367778723178400e+01,1.283808562006158e+00
1.553999999999683e+01,1.158910528371609e+00,1.519812613800178e+01,5.390680418549715e+01,1.223247437887015e+00
1.555999999999682e+01,1.138718232387919e+00,1.525873456299769e+01,5.416159511463828e+01,1.150418941204123e+00
1.557999999999680e+01,1.116993592214522e+00,1.532161543183139e+01,5.445290555186926e+01,1.061883358581586e+00
1.559999999999679e+01,1.093530191652361e+00,1.538709216601821e+01,5.480008509159772e+01,9.528973923752901e-01
1.561999999999678e+01,1.068075228987442e+00,1.545556437148822e+01,5.524378845188541e+01,8.167632347209457e-01
1.563999999999677e+01,1.040313853756504e+00,1.552753460429525e+01,5.589683289409805e+01,6.437573503088675e-01
1.565999999999676e+01,1.009846067222767e+00,1.560364829403776e+01,5.743918967208914e+01,4.192919669300708e-01
